0;0;0;0;land;false;unknown;1
1;218;252;82;land;false;plains;1
2;223;250;248;land;false;forest;1
3;173;176;234;land;false;forest;1
4;254;137;160;land;false;forest;1
5;210;248;84;land;false;plains;1
6;218;229;128;land;true;plains;1
7;220;172;252;land;false;mountain;1
8;173;184;211;land;false;plains;1
9;236;171;226;land;false;plains;1
10;211;220;144;land;false;forest;1
11;173;208;164;land;true;forest;1
12;105;238;215;land;true;plains;1
13;203;91;245;land;false;plains;1
14;133;187;249;land;false;forest;1
15;165;230;155;land;false;forest;1
16;236;203;111;land;false;plains;1
17;204;57;249;land;true;plains;1
18;133;215;173;land;false;plains;1
19;148;244;166;land;false;plains;1
20;175;232;250;land;false;marsh;1
21;209;178;148;land;false;plains;1
22;165;197;228;land;false;forest;1
23;220;187;230;land;false;forest;1
24;197;171;227;land;false;mountain;1
25;245;139;185;land;false;plains;1
26;174;213;200;land;false;plains;1
27;231;237;97;land;false;mountain;1
28;250;191;197;land;false;mountain;1
29;81;232;205;land;false;forest;1
30;63;198;251;land;true;plains;1
31;59;253;195;land;false;forest;1
32;187;205;239;land;false;mountain;1
33;215;250;68;land;false;mountain;1
34;157;203;162;land;false;forest;1
35;236;193;244;land;false;forest;1
36;232;181;210;land;false;plains;1
37;235;198;229;land;false;plains;1
38;188;252;73;land;false;forest;1
39;188;79;236;land;false;plains;1
40;134;138;251;land;false;forest;1
41;165;247;114;land;false;desert;1
42;82;254;214;land;false;mountain;1
43;251;57;206;land;false;mountain;1
44;233;225;201;land;false;forest;1
45;193;187;218;land;true;forest;1
46;206;113;185;land;false;mountain;1
47;253;217;41;land;false;mountain;1
48;157;224;160;land;false;forest;1
49;233;238;234;land;false;plains;1
50;179;234;187;land;false;forest;1
51;238;62;215;land;false;plains;1
52;201;229;185;land;true;plains;1
53;188;177;163;land;true;plains;1
54;223;224;202;land;false;mountain;1
55;180;238;192;land;false;desert;1
56;130;204;179;land;false;plains;1
57;232;173;148;land;false;forest;1
58;250;208;161;land;false;plains;1
59;227;104;246;land;false;forest;1
60;175;97;236;land;false;plains;1
61;159;232;139;land;false;mountain;1
62;179;199;174;land;false;desert;1
63;241;72;251;land;false;forest;1
64;128;206;243;land;false;forest;1
65;93;222;237;land;false;plains;1
66;90;204;233;land;false;marsh;1
67;244;215;203;land;false;plains;1
68;205;210;150;land;false;desert;1
69;207;149;192;land;false;mountain;1
70;252;150;212;land;true;plains;1
71;237;204;119;land;false;plains;1
72;179;212;135;land;false;forest;1
73;187;135;211;land;true;plains;1
74;179;112;210;land;true;mountain;1
75;90;243;227;land;false;plains;1
76;185;219;229;land;false;plains;1
77;236;221;153;land;false;forest;1
78;254;132;191;land;false;plains;1
79;201;228;150;land;false;marsh;1
80;155;190;190;land;false;plains;1
81;159;224;187;land;false;plains;1
82;213;184;230;land;false;plains;1
83;215;148;194;land;false;forest;1
84;200;105;199;land;false;mountain;1
85;192;179;192;land;true;plains;1
86;151;220;194;land;false;forest;1
87;163;240;113;land;true;plains;1
88;133;173;208;land;false;plains;1
89;229;157;163;land;false;plains;1
90;129;236;241;land;true;forest;1
91;236;172;137;land;false;mountain;1
92;169;127;247;land;true;forest;1
93;230;237;232;land;false;mountain;1
94;216;202;132;land;false;mountain;1
95;253;131;120;land;false;forest;1
96;219;204;242;land;false;plains;1
97;173;248;251;land;false;mountain;1
98;215;100;207;land;true;mountain;1
99;246;226;114;land;false;mountain;1
100;192;231;254;land;false;plains;1
101;91;254;173;land;false;plains;1
102;236;174;212;land;false;mountain;1
103;108;176;236;land;false;plains;1
104;249;233;231;land;false;mountain;1
105;157;229;134;land;false;forest;1
106;224;127;190;land;false;forest;1
107;217;158;163;land;false;forest;1
108;244;160;182;land;false;plains;1
109;132;234;230;land;false;mountain;1
110;144;121;240;land;true;mountain;1
111;250;198;104;land;true;forest;1
112;89;252;225;land;false;hills;1
113;198;209;133;land;false;plains;1
114;251;231;162;land;false;plains;1
115;176;148;218;land;false;forest;1
116;244;248;113;land;false;plains;1
117;148;208;239;land;false;plains;1
118;225;190;136;land;false;mountain;1
119;195;171;250;land;false;desert;1
120;254;143;127;land;false;forest;1
121;251;128;227;land;false;forest;1
122;159;249;104;land;false;plains;1
123;118;240;243;land;false;plains;1
124;161;174;245;land;false;desert;1
125;226;226;73;land;false;mountain;1
126;218;119;180;land;false;plains;1
127;235;151;136;land;false;plains;1
128;251;74;177;land;false;desert;1
129;240;166;247;land;true;plains;1
130;152;215;231;land;false;forest;1
131;236;227;95;land;false;plains;1
132;207;197;253;land;false;plains;1
133;107;209;201;land;false;forest;1
134;180;189;224;land;false;plains;1
135;165;153;219;land;false;plains;1
136;248;97;198;land;true;mountain;1
137;145;174;231;land;false;forest;1
138;184;196;192;land;false;plains;1
139;139;162;252;land;false;mountain;1
140;200;167;245;land;false;plains;1
141;140;201;231;land;false;mountain;1
142;209;232;109;land;false;plains;1
143;180;137;210;land;true;plains;1
144;104;240;163;land;false;desert;1
145;119;212;173;land;false;mountain;1
146;197;237;177;land;false;plains;1
147;230;237;172;land;false;desert;1
148;248;26;251;land;true;plains;1
149;239;251;59;land;false;mountain;1
150;207;140;197;land;false;plains;1
151;81;248;200;land;false;plains;1
152;197;160;217;land;false;plains;1
153;111;211;182;land;false;plains;1
154;249;186;121;land;false;forest;1
155;245;241;254;land;false;plains;1
156;248;213;125;land;true;plains;1
157;189;250;98;land;false;mountain;1
158;222;133;203;land;false;plains;1
159;244;111;152;land;false;forest;1
160;200;134;168;land;false;plains;1
161;200;227;232;land;false;mountain;1
162;223;248;126;land;true;mountain;1
163;211;78;236;land;false;mountain;1
164;164;134;211;land;false;mountain;1
165;163;210;212;land;false;plains;1
166;239;228;40;land;false;mountain;1
167;221;138;239;land;false;mountain;1
168;97;205;226;land;true;mountain;1
169;228;181;134;land;false;mountain;1
170;222;148;132;land;false;plains;1
171;228;245;215;land;false;mountain;1
172;226;242;173;land;false;forest;1
173;155;189;253;land;true;desert;1
174;251;199;208;land;false;mountain;1
175;243;158;163;land;false;plains;1
176;140;228;194;land;false;forest;1
177;155;126;249;land;false;mountain;1
178;195;243;250;land;false;mountain;1
179;252;209;124;land;false;forest;1
180;192;89;245;land;false;mountain;1
181;206;187;201;land;false;plains;1
182;239;92;222;land;false;mountain;1
183;125;253;132;land;false;forest;1
184;240;42;225;land;true;plains;1
185;218;236;47;land;false;forest;1
186;125;229;185;land;false;mountain;1
187;72;207;234;land;false;mountain;1
188;126;124;254;land;false;forest;1
189;181;113;220;land;false;plains;1
190;144;210;239;land;false;plains;1
191;203;246;55;land;false;forest;1
192;171;221;227;land;false;forest;1
193;168;175;225;land;false;forest;1
194;160;232;222;land;false;plains;1
195;99;254;211;land;true;plains;1
196;202;202;234;land;false;plains;1
197;167;200;167;land;false;plains;1
198;237;202;90;land;false;plains;1
199;224;181;163;land;false;plains;1
200;238;195;224;land;false;plains;1
201;154;238;240;land;false;forest;1
202;32;246;234;land;true;plains;1
203;183;172;165;land;false;plains;1
204;233;77;198;land;false;plains;1
205;210;185;206;land;false;mountain;1
206;159;253;128;land;false;forest;1
207;235;235;94;land;true;forest;1
208;247;220;205;land;false;forest;1
209;81;224;250;land;false;mountain;1
210;245;197;105;land;false;mountain;1
211;195;248;214;land;false;desert;1
212;223;135;219;land;false;desert;1
213;213;195;214;land;false;plains;1
214;186;226;238;land;false;plains;1
215;220;237;173;land;true;plains;1
216;155;230;182;land;false;forest;1
217;140;203;233;land;false;plains;1
218;254;40;229;land;false;forest;1
219;189;213;140;land;false;forest;1
220;99;242;203;land;false;mountain;1
221;238;224;157;land;false;plains;1
222;232;48;239;land;false;plains;1
223;193;168;171;land;false;plains;1
224;237;122;234;land;false;mountain;1
225;173;173;200;land;false;forest;1
226;217;201;132;land;false;plains;1
227;168;242;219;land;true;mountain;1
228;122;221;208;land;false;mountain;1
229;245;111;163;land;false;plains;1
230;245;211;243;land;true;plains;1
231;211;121;209;land;true;mountain;1
232;251;173;77;land;false;marsh;1
233;229;248;239;land;false;plains;1
234;224;54;252;land;false;mountain;1
235;247;70;240;land;false;plains;1
236;253;248;119;land;true;plains;1
237;135;166;211;land;false;forest;1
238;196;238;174;land;false;plains;1
239;74;249;209;land;false;plains;1
240;244;177;158;land;false;desert;1
241;67;254;249;land;false;mountain;1
242;236;122;151;land;false;forest;1
243;118;235;183;land;false;plains;1
244;142;221;252;land;false;forest;1
245;190;242;95;land;false;plains;1
246;199;239;227;land;false;desert;1
247;150;165;204;land;false;forest;1
248;238;155;231;land;false;plains;1
249;254;184;229;land;false;plains;1
250;81;251;195;land;true;forest;1
251;193;185;167;land;false;forest;1
252;210;182;154;land;false;mountain;1
253;208;87;226;land;false;mountain;1
254;230;97;241;land;false;mountain;1
255;181;156;168;land;false;plains;1
256;181;228;124;land;false;forest;1
257;177;174;242;land;false;plains;1
258;225;75;235;land;false;plains;1
259;237;67;240;land;false;mountain;1
260;209;200;207;land;true;forest;1
261;219;209;171;land;true;hills;1
262;187;191;162;land;false;desert;1
263;210;235;214;land;false;forest;1
264;213;249;118;land;false;forest;1
265;150;159;200;land;false;mountain;1
266;136;248;187;land;true;plains;1
267;207;202;95;land;true;plains;1
268;194;238;104;land;true;plains;1
269;251;253;210;land;true;forest;1
270;122;186;241;land;false;plains;1
271;184;84;250;land;false;forest;1
272;236;239;153;land;false;plains;1
273;136;218;222;land;false;forest;1
274;229;244;201;land;false;plains;1
275;198;226;141;land;false;mountain;1
276;249;228;244;land;false;plains;1
277;198;207;172;land;false;mountain;1
278;234;109;234;land;true;plains;1
279;249;242;85;land;false;forest;1
280;243;66;223;land;false;mountain;1
281;240;133;129;land;true;plains;1
282;232;79;247;land;false;mountain;1
283;216;105;183;land;false;mountain;1
284;186;241;169;land;false;plains;1
285;209;167;143;land;false;mountain;1
286;246;167;216;land;false;plains;1
287;251;141;173;land;false;forest;1
288;66;248;194;land;false;plains;1
289;138;151;232;land;false;mountain;1
290;217;195;164;land;true;plains;1
291;215;141;195;land;false;mountain;1
292;203;182;129;land;false;plains;1
293;225;214;240;land;false;mountain;1
294;165;210;130;land;false;forest;1
295;247;131;244;land;false;plains;1
296;244;147;180;land;false;forest;1
297;163;185;177;land;false;plains;1
298;136;226;157;land;false;marsh;1
299;168;222;181;land;false;mountain;1
300;166;244;253;land;false;plains;1
301;130;239;201;land;true;plains;1
302;77;241;200;land;false;plains;1
303;195;63;253;land;false;mountain;1
304;250;60;218;land;true;plains;1
305;168;115;219;land;false;mountain;1
306;198;145;243;land;false;desert;1
307;143;254;144;land;false;mountain;1
308;230;209;229;land;false;mountain;1
309;237;236;209;land;false;plains;1
310;155;227;137;land;true;forest;1
311;253;142;212;land;false;plains;1
312;163;179;194;land;false;plains;1
313;139;188;222;land;false;plains;1
314;251;247;133;land;false;plains;1
315;194;219;191;land;false;mountain;1
316;229;116;182;land;true;mountain;1
317;234;219;53;land;false;mountain;1
318;234;147;238;land;true;mountain;1
319;161;208;173;land;true;plains;1
320;189;177;155;land;false;forest;1
321;91;193;248;land;false;mountain;1
322;243;56;221;land;false;desert;1
323;220;221;73;land;false;plains;1
324;252;249;237;land;false;mountain;1
325;251;188;154;land;false;forest;1
326;210;118;184;land;true;forest;1
327;200;216;142;land;false;mountain;1
328;182;171;250;land;true;mountain;1
329;211;245;153;land;false;forest;1
330;208;221;229;land;false;plains;1
331;232;141;205;land;false;plains;1
332;191;242;190;land;false;plains;1
333;199;253;58;land;false;marsh;1
334;143;225;227;land;false;plains;1
335;187;254;159;land;true;plains;1
336;174;132;196;land;false;mountain;1
337;166;230;175;land;false;plains;1
338;231;222;154;land;false;plains;1
339;122;221;221;land;true;plains;1
340;232;189;164;land;true;plains;1
341;235;246;43;land;false;plains;1
342;98;250;230;land;true;plains;1
343;161;244;193;land;false;marsh;1
344;49;217;249;land;false;forest;1
345;189;234;127;land;false;plains;1
346;189;240;218;land;true;plains;1
347;150;122;229;land;true;plains;1
348;178;227;187;land;false;mountain;1
349;91;183;230;land;false;forest;1
350;156;162;201;land;false;mountain;1
351;239;191;100;land;false;forest;1
352;247;154;173;land;false;desert;1
353;251;240;154;land;true;plains;1
354;251;131;128;land;false;desert;1
355;103;242;200;land;false;mountain;1
356;246;71;235;land;false;mountain;1
357;192;213;224;land;false;mountain;1
358;221;159;244;land;false;forest;1
359;166;238;171;land;false;mountain;1
360;218;107;245;land;false;forest;1
361;168;113;234;land;false;plains;1
362;181;189;160;land;false;plains;1
363;178;232;157;land;true;plains;1
364;140;211;170;land;false;mountain;1
365;225;127;177;land;true;mountain;1
366;178;201;192;land;false;mountain;1
367;253;47;207;land;false;desert;1
368;247;135;134;land;false;plains;1
369;196;241;78;land;true;plains;1
370;125;242;220;land;false;mountain;1
371;207;193;234;land;true;plains;1
372;215;210;159;land;false;desert;1
373;252;164;197;land;true;plains;1
374;187;201;218;land;false;plains;1
375;245;249;254;land;false;desert;1
376;236;63;219;land;false;plains;1
377;134;191;227;land;false;mountain;1
378;252;66;253;land;false;mountain;1
379;169;218;163;land;true;mountain;1
380;252;223;137;land;false;forest;1
381;215;74;229;land;true;forest;1
382;212;166;132;land;false;mountain;1
383;153;186;239;land;false;plains;1
384;123;228;220;land;false;forest;1
385;232;146;226;land;false;desert;1
386;216;175;186;land;true;plains;1
387;232;129;231;land;false;mountain;1
388;217;110;186;land;false;forest;1
389;253;40;213;land;false;plains;1
390;244;186;211;land;false;mountain;1
391;226;169;111;land;true;forest;1
392;106;189;248;land;false;forest;1
393;250;248;106;land;false;plains;1
394;165;137;216;land;false;forest;1
395;207;188;189;land;false;plains;1
396;219;228;136;land;false;plains;1
397;161;169;240;land;false;plains;1
398;83;230;210;land;false;plains;1
399;239;205;117;land;false;mountain;1
400;56;252;244;land;false;forest;1
401;235;150;240;land;false;forest;1
402;93;246;185;land;false;plains;1
403;170;190;211;land;false;mountain;1
404;145;196;229;land;false;forest;1
405;189;173;254;land;false;plains;1
406;183;154;242;land;false;forest;1
407;242;143;135;land;true;mountain;1
408;216;235;156;land;false;plains;1
409;94;251;207;land;false;hills;1
410;209;206;134;land;false;forest;1
411;120;246;231;land;true;plains;1
412;180;231;225;land;true;plains;1
413;254;129;193;land;false;hills;1
414;68;223;250;land;false;mountain;1
415;211;210;122;land;true;forest;1
416;205;147;196;land;false;mountain;1
417;133;184;231;land;false;plains;1
418;236;254;228;land;false;forest;1
419;94;186;234;land;false;forest;1
420;209;110;217;land;false;plains;1
421;167;124;215;land;false;forest;1
422;249;214;206;land;false;mountain;1
423;177;230;107;land;false;forest;1
424;253;195;163;land;true;forest;1
425;216;125;250;land;false;mountain;1
426;231;250;30;land;true;plains;1
427;178;180;228;land;false;forest;1
428;128;144;240;land;false;plains;1
429;232;213;181;land;false;plains;1
430;220;244;146;land;false;hills;1
431;245;134;160;land;false;plains;1
432;103;249;241;land;true;plains;1
433;72;218;222;land;true;plains;1
434;177;157;231;land;false;forest;1
435;160;237;143;land;true;plains;1
436;135;199;222;land;false;mountain;1
437;243;173;227;land;true;forest;1
438;215;222;138;land;false;plains;1
439;226;206;189;land;true;mountain;1
440;229;111;216;land;false;forest;1
441;188;72;251;land;false;mountain;1
442;196;226;250;land;false;plains;1
443;180;181;162;land;false;forest;1
444;180;107;243;land;false;mountain;1
445;188;234;96;land;false;mountain;1
446;195;89;226;land;true;forest;1
447;169;203;205;land;false;plains;1
448;107;178;234;land;true;plains;1
449;179;177;249;land;false;desert;1
450;152;236;146;land;false;plains;1
451;215;144;168;land;false;plains;1
452;197;77;247;land;true;mountain;1
453;82;181;240;land;false;forest;1
454;116;194;233;land;false;plains;1
455;199;99;236;land;false;plains;1
456;225;141;141;land;false;forest;1
457;254;217;215;land;false;mountain;1
458;191;232;225;land;true;mountain;1
459;180;180;194;land;false;mountain;1
460;203;188;185;land;false;plains;1
461;247;83;231;land;false;plains;1
462;233;188;167;land;false;mountain;1
463;167;179;201;land;false;plains;1
464;194;123;195;land;false;desert;1
465;198;166;195;land;false;plains;1
466;173;115;245;land;false;plains;1
467;154;226;144;land;false;desert;1
468;189;93;232;land;true;plains;1
469;231;180;225;land;false;mountain;1
470;160;211;168;land;false;plains;1
471;247;129;230;land;false;mountain;1
472;222;231;60;land;false;plains;1
473;245;124;154;land;true;plains;1
474;164;203;141;land;false;mountain;1
475;175;209;244;land;false;plains;1
476;189;165;196;land;false;mountain;1
477;159;234;192;land;false;plains;1
478;241;141;187;land;true;plains;1
479;211;75;237;land;false;plains;1
480;198;216;238;land;false;forest;1
481;187;190;224;land;false;forest;1
482;245;53;246;land;false;mountain;1
483;118;241;222;land;false;forest;1
484;146;155;236;land;true;plains;1
485;198;174;191;land;false;plains;1
486;213;145;180;land;false;marsh;1
487;253;178;203;land;false;mountain;1
488;218;180;223;land;false;plains;1
489;199;219;170;land;false;plains;1
490;190;248;79;land;false;plains;1
491;219;250;173;land;false;mountain;1
492;239;227;41;land;false;plains;1
493;190;176;135;land;true;plains;1
494;190;235;113;land;false;plains;1
495;159;238;215;land;true;plains;1
496;251;210;102;land;true;plains;1
497;245;192;109;land;false;plains;1
498;247;136;121;land;true;mountain;1
499;243;191;167;land;false;forest;1
500;105;205;192;land;false;forest;1
501;200;120;239;land;false;mountain;1
502;204;61;241;land;false;desert;1
503;228;191;193;land;false;forest;1
504;233;198;153;land;false;plains;1
505;232;221;160;land;false;plains;1
506;215;213;134;land;false;plains;1
507;205;167;147;land;false;desert;1
508;227;195;119;land;false;mountain;1
509;168;213;126;land;false;forest;1
510;164;119;238;land;false;forest;1
511;219;92;198;land;true;mountain;1
512;217;247;102;land;false;mountain;1
513;30;249;238;land;false;plains;1
514;165;254;212;land;false;forest;1
515;188;93;245;land;false;forest;1
516;187;129;193;land;false;mountain;1
517;202;205;231;land;false;forest;1
518;205;254;254;land;false;desert;1
519;242;82;206;land;true;plains;1
520;147;237;161;land;true;plains;1
521;164;147;223;land;false;forest;1
522;121;138;242;land;false;mountain;1
523;105;202;206;land;false;forest;1
524;210;234;211;land;false;plains;1
525;230;232;231;land;true;plains;1
526;228;210;204;land;false;plains;1
527;160;201;154;land;false;hills;1
528;146;179;237;land;true;forest;1
529;194;243;117;land;true;plains;1
530;133;235;171;land;false;mountain;1
531;223;128;212;land;false;forest;1
532;100;225;210;land;true;mountain;1
533;233;250;42;land;false;desert;1
534;239;241;120;land;true;plains;1
535;237;158;219;land;false;mountain;1
536;181;198;203;land;false;mountain;1
537;161;220;209;land;false;plains;1
538;252;239;235;land;false;marsh;1
539;238;172;216;land;false;mountain;1
540;168;245;149;land;true;plains;1
541;69;224;208;land;true;plains;1
542;102;241;191;land;false;forest;1
543;85;227;190;land;false;mountain;1
544;204;199;187;land;false;mountain;1
545;232;205;168;land;false;forest;1
546;217;231;142;land;false;plains;1
547;235;184;191;land;true;plains;1
548;250;122;249;land;true;plains;1
549;220;247;78;land;false;plains;1
550;228;148;239;land;false;mountain;1
551;209;207;123;land;false;plains;1
552;217;201;225;land;false;mountain;1
553;230;232;167;land;false;plains;1
554;191;134;183;land;false;mountain;1
555;199;155;242;land;true;plains;1
556;182;250;119;land;false;mountain;1
557;126;250;226;land;false;plains;1
558;190;240;127;land;false;plains;1
559;219;233;112;land;false;forest;1
560;216;139;242;land;false;plains;1
561;53;220;231;land;false;mountain;1
562;227;131;235;land;true;plains;1
563;168;169;174;land;false;forest;1
564;163;242;226;land;true;forest;1
565;163;235;215;land;false;plains;1
566;202;88;222;land;true;forest;1
567;182;233;225;land;false;plains;1
568;172;158;207;land;true;mountain;1
569;121;206;217;land;false;plains;1
570;247;216;99;land;true;plains;1
571;229;162;198;land;true;plains;1
572;229;152;219;land;false;forest;1
573;146;251;155;land;true;plains;1
574;246;174;95;land;true;plains;1
575;206;84;244;land;false;plains;1
576;179;178;148;land;true;plains;1
577;204;205;243;land;false;plains;1
578;183;238;203;land;false;plains;1
579;111;236;224;land;true;mountain;1
580;184;201;236;land;true;plains;1
581;167;155;190;land;false;plains;1
582;215;169;188;land;false;plains;1
583;212;171;165;land;false;plains;1
584;193;240;88;land;true;plains;1
585;211;250;202;land;false;plains;1
586;183;222;184;land;false;plains;1
587;118;207;184;land;false;forest;1
588;161;182;239;land;false;mountain;1
589;238;156;131;land;false;plains;1
590;20;239;251;land;false;forest;1
591;197;137;184;land;false;plains;1
592;104;242;239;land;false;forest;1
593;210;137;247;land;false;mountain;1
594;206;66;251;land;true;plains;1
595;150;178;202;land;false;plains;1
596;166;201;162;land;false;hills;1
597;236;168;144;land;true;plains;1
598;248;71;184;land;false;plains;1
599;244;184;77;land;false;mountain;1
600;215;209;91;land;false;forest;1
601;179;217;160;land;false;mountain;1
602;166;209;215;land;false;desert;1
603;238;144;152;land;false;mountain;1
604;192;133;178;land;true;forest;1
605;78;248;210;land;false;plains;1
606;220;178;209;land;true;forest;1
607;128;214;173;land;false;desert;1
608;241;161;120;land;true;forest;1
609;229;79;240;land;false;plains;1
610;133;238;191;land;false;plains;1
611;125;223;191;land;false;forest;1
612;145;184;194;land;false;forest;1
613;132;225;207;land;false;plains;1
614;198;117;251;land;true;plains;1
615;227;190;252;land;false;forest;1
616;112;145;248;land;false;plains;1
617;183;217;201;land;true;plains;1
618;89;195;241;land;false;desert;1
619;219;247;212;land;true;forest;1
620;219;213;192;land;false;forest;1
621;245;171;174;land;false;plains;1
622;215;77;248;land;false;plains;1
623;201;207;113;land;false;plains;1
624;210;192;175;land;false;plains;1
625;237;105;245;land;false;mountain;1
626;153;136;246;land;false;forest;1
627;232;242;87;land;true;plains;1
628;251;221;205;land;false;forest;1
629;185;117;225;land;true;plains;1
630;146;161;235;land;false;mountain;1
631;202;166;150;land;false;mountain;1
632;235;83;213;land;false;plains;1
633;212;240;98;land;false;plains;1
634;234;79;251;land;false;plains;1
635;168;227;139;land;false;forest;1
636;207;234;129;land;false;forest;1
637;219;151;175;land;false;mountain;1
638;124;243;214;land;false;plains;1
639;211;154;138;land;false;plains;1
640;143;238;186;land;false;forest;1
641;160;238;189;land;true;plains;1
642;251;228;67;land;false;forest;1
643;158;204;220;land;false;plains;1
644;247;241;103;land;false;plains;1
645;209;209;107;land;false;plains;1
646;191;160;254;land;false;hills;1
647;238;231;191;land;false;plains;1
648;244;136;230;land;false;forest;1
649;184;170;196;land;false;mountain;1
650;230;168;118;land;false;mountain;1
651;211;244;219;land;true;plains;1
652;240;185;186;land;false;mountain;1
653;168;224;233;land;false;desert;1
654;253;119;162;land;false;forest;1
655;134;212;161;land;false;plains;1
656;196;234;80;land;false;forest;1
657;113;164;254;land;false;plains;1
658;131;208;170;land;false;mountain;1
659;136;159;243;land;false;plains;1
660;211;183;214;land;false;plains;1
661;220;87;252;land;false;mountain;1
662;114;204;218;land;false;mountain;1
663;240;147;133;land;false;plains;1
664;158;167;189;land;true;mountain;1
665;220;198;165;land;false;plains;1
666;248;163;220;land;false;plains;1
667;209;125;254;land;true;mountain;1
668;100;213;194;land;false;plains;1
669;239;195;217;land;false;plains;1
670;240;110;168;land;true;mountain;1
671;64;247;195;land;false;mountain;1
672;172;148;232;land;false;plains;1
673;157;122;230;land;false;desert;1
674;202;144;203;land;false;mountain;1
675;241;197;111;land;true;plains;1
676;179;248;126;land;false;mountain;1
677;254;178;193;land;true;plains;1
678;158;222;201;land;false;plains;1
679;146;188;170;land;false;plains;1
680;193;118;196;land;true;plains;1
681;211;245;195;land;false;plains;1
682;243;160;178;land;false;plains;1
683;99;225;194;land;false;marsh;1
684;252;238;43;land;true;forest;1
685;215;110;252;land;false;forest;1
686;236;36;239;land;true;hills;1
687;224;209;115;land;false;marsh;1
688;249;34;251;land;true;plains;1
689;206;98;208;land;true;plains;1
690;221;233;245;land;true;plains;1
691;253;253;168;land;false;plains;1
692;79;208;250;land;false;plains;1
693;201;200;213;land;false;mountain;1
694;169;124;214;land;false;plains;1
695;59;218;227;land;false;forest;1
696;245;232;146;land;true;plains;1
697;170;230;230;land;false;mountain;1
698;200;162;250;land;false;forest;1
699;97;196;214;land;false;plains;1
700;239;181;239;land;false;plains;1
701;100;201;211;land;false;forest;1
702;186;219;119;land;false;plains;1
703;223;208;183;land;true;plains;1
704;234;133;228;land;false;forest;1
705;218;117;169;land;false;mountain;1
706;207;169;126;land;false;forest;1
707;200;71;247;land;false;plains;1
708;162;250;156;land;false;forest;1
709;210;217;78;land;false;plains;1
710;145;245;186;land;false;plains;1
711;239;223;231;land;false;plains;1
712;210;181;210;land;false;mountain;1
713;236;237;245;land;true;mountain;1
714;45;248;213;land;false;forest;1
715;181;250;152;land;true;plains;1
716;197;232;121;land;false;plains;1
717;228;161;129;land;false;mountain;1
718;249;102;246;land;false;plains;1
719;193;213;158;land;false;mountain;1
720;152;209;169;land;false;forest;1
721;215;231;93;land;true;plains;1
722;253;168;81;land;false;mountain;1
723;216;220;185;land;false;plains;1
724;225;211;199;land;false;forest;1
725;217;218;219;land;false;forest;1
726;217;247;92;land;false;forest;1
727;217;120;171;land;true;plains;1
728;203;150;168;land;false;plains;1
729;174;177;154;land;true;plains;1
730;189;224;241;land;true;plains;1
731;171;244;100;land;false;plains;1
732;236;84;232;land;false;plains;1
733;71;187;253;land;false;desert;1
734;223;234;67;land;true;mountain;1
735;136;214;212;land;false;plains;1
736;228;124;174;land;false;plains;1
737;241;72;246;land;false;mountain;1
738;219;163;180;land;false;plains;1
739;137;154;251;land;false;plains;1
740;187;232;176;land;true;plains;1
741;203;249;88;land;true;forest;1
742;239;230;51;land;false;plains;1
743;183;187;131;land;true;plains;1
744;169;157;198;land;false;plains;1
745;207;184;235;land;true;mountain;1
746;245;200;207;land;false;plains;1
747;220;238;232;land;false;hills;1
748;135;174;239;land;false;mountain;1
749;252;158;233;land;false;forest;1
750;95;245;167;land;true;plains;1
751;210;233;227;land;false;mountain;1
752;182;230;119;land;false;plains;1
753;241;142;126;land;false;plains;1
754;211;107;253;land;false;plains;1
755;216;174;192;land;true;mountain;1
756;250;229;53;land;false;forest;1
757;149;163;198;land;true;plains;1
758;133;211;231;land;false;mountain;1
759;165;220;225;land;false;plains;1
760;193;238;180;land;false;mountain;1
761;233;86;243;land;false;plains;1
762;247;227;234;land;false;hills;1
763;149;155;219;land;true;plains;1
764;251;170;233;land;false;mountain;1
765;105;231;210;land;false;plains;1
766;141;179;248;land;false;plains;1
767;226;251;25;land;true;plains;1
768;180;196;151;land;false;desert;1
769;142;230;252;land;false;forest;1
770;234;225;185;land;false;mountain;1
771;96;206;217;land;false;mountain;1
772;241;160;116;land;false;plains;1
773;247;206;186;land;false;plains;1
774;92;224;220;land;false;plains;1
775;241;243;111;land;false;plains;1
776;214;244;111;land;false;plains;1
777;189;206;229;land;true;forest;1
778;109;252;199;land;false;forest;1
779;101;248;183;land;false;plains;1
780;115;242;203;land;true;desert;1
781;225;165;191;land;true;plains;1
782;214;90;250;land;true;plains;1
783;248;120;135;land;false;plains;1
784;254;144;227;land;false;mountain;1
785;228;193;224;land;true;plains;1
786;153;236;140;land;false;forest;1
787;190;244;187;land;false;forest;1
788;229;231;201;land;false;plains;1
789;225;99;209;land;true;hills;1
790;201;206;170;land;false;mountain;1
791;230;189;234;land;false;desert;1
792;178;141;208;land;false;mountain;1
793;219;225;251;land;false;mountain;1
794;204;238;205;land;false;plains;1
795;166;220;124;land;true;plains;1
796;231;170;214;land;false;mountain;1
797;191;238;210;land;false;mountain;1
798;107;235;191;land;false;plains;1
799;242;254;12;land;true;plains;1
800;226;252;176;land;false;marsh;1
801;114;217;218;land;false;plains;1
802;159;201;210;land;false;forest;1
803;213;174;118;land;false;hills;1
804;221;162;234;land;false;mountain;1
805;127;174;213;land;false;forest;1
806;237;207;85;land;false;forest;1
807;143;123;253;land;false;plains;1
808;252;118;199;land;false;desert;1
809;135;164;219;land;false;forest;1
810;205;243;254;land;false;plains;1
811;176;232;156;land;false;desert;1
812;243;38;241;land;false;mountain;1
813;150;231;136;land;false;plains;1
814;183;173;200;land;false;plains;1
815;172;228;116;land;false;forest;1
816;121;198;226;land;true;plains;1
817;209;98;199;land;true;desert;1
818;106;251;151;land;false;forest;1
819;44;241;216;land;true;plains;1
820;201;243;58;land;false;desert;1
821;253;242;72;land;false;forest;1
822;219;191;127;land;true;plains;1
823;250;146;241;land;false;plains;1
824;199;160;227;land;false;forest;1
825;163;239;109;land;false;mountain;1
826;216;99;242;land;false;forest;1
827;142;233;209;land;false;plains;1
828;138;211;189;land;false;desert;1
829;169;253;138;land;false;plains;1
830;249;242;111;land;false;mountain;1
831;173;192;218;land;false;plains;1
832;210;235;121;land;false;plains;1
833;148;199;165;land;false;plains;1
834;114;224;196;land;false;plains;1
835;218;169;196;land;true;plains;1
836;228;205;201;land;false;mountain;1
837;137;227;159;land;false;mountain;1
838;201;239;169;land;false;desert;1
839;178;195;148;land;false;plains;1
840;133;170;253;land;false;plains;1
841;198;252;177;land;false;forest;1
842;152;174;225;land;false;marsh;1
843;132;254;117;land;false;plains;1
844;220;211;188;land;false;mountain;1
845;238;166;198;land;false;plains;1
846;206;173;171;land;false;plains;1
847;226;253;157;land;false;plains;1
848;171;171;175;land;false;mountain;1
849;252;119;246;land;true;plains;1
850;97;189;237;land;true;mountain;1
851;119;250;158;land;true;plains;1
852;172;173;200;land;true;plains;1
853;160;151;220;land;false;forest;1
854;187;249;74;land;false;forest;1
855;212;247;85;land;false;hills;1
856;221;238;165;land;false;plains;1
857;228;152;146;land;false;plains;1
858;145;200;181;land;false;mountain;1
859;251;253;46;land;false;forest;1
860;240;233;142;land;false;marsh;1
861;172;160;182;land;true;plains;1
862;210;95;200;land;false;mountain;1
863;207;96;209;land;false;forest;1
864;227;237;41;land;true;mountain;1
865;247;109;150;land;false;mountain;1
866;177;218;119;land;false;forest;1
867;238;167;141;land;false;forest;1
868;189;78;248;land;false;plains;1
869;124;232;146;land;true;plains;1
870;120;165;234;land;false;plains;1
871;232;227;118;land;false;forest;1
872;130;197;226;land;false;plains;1
873;208;236;170;land;true;plains;1
874;81;235;253;land;false;forest;1
875;223;189;149;land;false;mountain;1
876;234;192;149;land;true;plains;1
877;139;199;213;land;true;plains;1
878;222;173;227;land;true;forest;1
879;176;235;219;land;false;forest;1
880;199;203;143;land;true;mountain;1
881;138;186;208;land;false;mountain;1
882;189;242;147;land;false;mountain;1
883;227;147;159;land;false;forest;1
884;221;121;212;land;true;plains;1
885;233;187;177;land;false;plains;1
886;184;245;98;land;false;mountain;1
887;197;231;178;land;false;plains;1
888;199;213;150;land;false;plains;1
889;230;200;230;land;false;plains;1
890;181;212;183;land;true;plains;1
891;201;173;132;land;false;mountain;1
892;210;127;194;land;false;hills;1
893;190;157;240;land;false;mountain;1
894;131;223;227;land;false;plains;1
895;252;124;222;land;false;plains;1
896;220;224;76;land;false;mountain;1
897;240;210;181;land;false;mountain;1
898;128;157;233;land;false;plains;1
899;199;148;172;land;false;plains;1
900;237;71;224;land;false;plains;1
901;244;244;185;land;false;forest;1
902;248;102;163;land;false;mountain;1
903;208;194;188;land;false;marsh;1
904;164;222;235;land;true;plains;1
905;222;168;180;land;true;plains;1
906;244;248;209;land;false;forest;1
907;65;250;238;land;false;mountain;1
908;51;229;223;land;false;forest;1
909;238;83;219;land;false;forest;1
910;251;209;77;land;true;forest;1
911;237;187;207;land;true;plains;1
912;202;137;175;land;false;plains;1
913;146;211;184;land;true;plains;1
914;218;177;254;land;true;mountain;1
915;204;128;207;land;true;plains;1
916;189;249;187;land;true;plains;1
917;177;204;229;land;false;mountain;1
918;183;202;153;land;false;plains;1
919;212;209;98;land;true;plains;1
920;172;202;224;land;false;plains;1
921;199;217;142;land;false;plains;1
922;189;184;197;land;false;marsh;1
923;232;254;60;land;true;plains;1
924;231;164;175;land;false;mountain;1
925;243;233;231;land;true;plains;1
926;133;206;175;land;false;forest;1
927;253;127;227;land;true;plains;1
928;116;217;253;land;true;plains;1
929;199;226;234;land;false;forest;1
930;224;237;84;land;false;desert;1
931;55;242;235;land;true;mountain;1
932;242;225;221;land;false;plains;1
933;199;224;110;land;false;plains;1
934;88;229;208;land;false;plains;1
935;239;181;211;land;false;plains;1
936;198;162;163;land;false;desert;1
937;106;225;240;land;true;plains;1
938;96;212;244;land;true;forest;1
939;184;200;243;land;true;plains;1
940;117;208;177;land;false;plains;1
941;188;163;187;land;false;plains;1
942;136;243;224;land;false;forest;1
943;215;121;212;land;true;plains;1
944;92;207;228;land;false;mountain;1
945;215;196;202;land;true;plains;1
946;220;166;246;land;false;plains;1
947;152;228;146;land;false;forest;1
948;139;234;187;land;false;forest;1
949;241;220;101;land;false;hills;1
950;199;171;240;land;false;plains;1
951;243;183;83;land;true;plains;1
952;148;194;208;land;false;plains;1
953;227;126;232;land;false;mountain;1
954;198;101;215;land;true;plains;1
955;241;201;77;land;false;forest;1
956;178;144;224;land;false;mountain;1
957;249;36;245;land;false;forest;1
958;241;66;212;land;true;plains;1
959;152;137;225;land;false;forest;1
960;251;75;193;land;false;mountain;1
961;154;174;224;land;true;plains;1
962;188;217;207;land;false;forest;1
963;187;130;220;land;false;plains;1
964;243;210;143;land;true;plains;1
965;158;242;204;land;true;plains;1
966;222;242;85;land;false;desert;1
967;224;88;195;land;true;plains;1
968;193;128;196;land;true;mountain;1
969;135;199;220;land;false;forest;1
970;241;244;56;land;false;plains;1
971;111;190;227;land;false;forest;1
972;248;159;112;land;false;mountain;1
973;107;212;199;land;false;forest;1
974;168;164;245;land;false;plains;1
975;38;217;250;land;false;plains;1
976;229;206;162;land;true;plains;1
977;220;213;242;land;false;forest;1
978;80;247;205;land;false;marsh;1
979;184;210;168;land;false;plains;1
980;178;252;174;land;true;plains;1
981;182;173;252;land;false;plains;1
982;240;175;250;land;false;plains;1
983;237;49;227;land;true;plains;1
984;246;226;68;land;false;plains;1
985;130;222;186;land;false;plains;1
986;65;237;210;land;true;plains;1
987;129;242;176;land;true;plains;1
988;227;161;243;land;false;plains;1
989;149;227;145;land;false;plains;1
990;250;204;72;land;false;plains;1
991;165;223;214;land;false;mountain;1
992;222;223;235;land;false;desert;1
993;133;242;194;land;false;plains;1
994;160;157;207;land;false;plains;1
995;207;136;252;land;false;forest;1
996;151;172;209;land;false;plains;1
997;216;254;207;land;false;forest;1
998;151;178;184;land;true;mountain;1
999;150;236;152;land;true;plains;1
1000;150;240;161;land;true;plains;1
1001;246;149;187;land;false;plains;1
1002;85;239;225;land;true;mountain;1
1003;32;251;225;land;false;plains;1
1004;88;200;237;land;true;plains;1
1005;242;113;188;land;true;mountain;1
1006;146;250;224;land;false;mountain;1
1007;157;251;98;land;true;forest;1
1008;224;149;219;land;true;mountain;1
1009;179;213;209;land;false;plains;1
1010;160;153;252;land;false;plains;1
1011;171;140;235;land;false;plains;1
1012;204;237;187;land;true;plains;1
1013;153;207;163;land;false;desert;1
1014;205;124;252;land;false;plains;1
1015;233;52;219;land;false;plains;1
1016;230;204;177;land;false;plains;1
1017;133;239;192;land;true;plains;1
1018;105;198;231;land;false;plains;1
1019;155;213;160;land;false;desert;1
1020;203;230;68;land;true;mountain;1
1021;207;138;200;land;false;plains;1
1022;248;98;236;land;false;mountain;1
1023;179;178;248;land;false;plains;1
1024;199;217;126;land;false;mountain;1
1025;176;207;201;land;false;forest;1
1026;239;136;228;land;true;plains;1
1027;200;154;234;land;true;forest;1
1028;241;127;203;land;false;plains;1
1029;201;205;235;land;false;forest;1
1030;127;232;175;land;true;plains;1
1031;198;181;225;land;false;plains;1
1032;162;88;252;land;true;mountain;1
1033;189;229;245;land;false;forest;1
1034;80;250;184;land;true;forest;1
1035;101;235;217;land;false;mountain;1
1036;74;181;252;land;false;plains;1
1037;247;199;155;land;false;plains;1
1038;165;216;196;land;false;plains;1
1039;213;224;138;land;false;plains;1
1040;221;238;175;land;true;plains;1
1041;199;163;232;land;true;plains;1
1042;158;151;208;land;true;plains;1
1043;249;191;181;land;false;desert;1
1044;150;240;123;land;true;plains;1
1045;246;216;205;land;true;plains;1
1046;251;82;235;land;false;plains;1
1047;78;250;199;land;true;plains;1
1048;230;55;224;land;false;plains;1
1049;244;154;195;land;false;marsh;1
1050;185;183;190;land;true;plains;1
1051;240;212;196;land;false;forest;1
1052;188;233;245;land;true;forest;1
1053;246;204;253;land;false;mountain;1
1054;230;119;254;land;false;plains;1
1055;247;107;185;land;false;forest;1
1056;129;201;186;land;false;mountain;1
1057;229;164;109;land;false;desert;1
1058;247;179;141;land;false;plains;1
1059;198;117;205;land;true;plains;1
1060;179;165;198;land;false;forest;1
1061;236;41;250;land;true;mountain;1
1062;194;245;186;land;false;plains;1
1063;213;251;157;land;true;plains;1
1064;216;243;98;land;false;forest;1
1065;205;234;104;land;true;mountain;1
1066;205;217;141;land;true;plains;1
1067;235;106;196;land;false;forest;1
1068;194;121;234;land;true;mountain;1
1069;118;215;215;land;true;hills;1
1070;118;229;181;land;false;plains;1
1071;223;234;150;land;false;forest;1
1072;141;163;207;land;false;plains;1
1073;143;240;239;land;true;mountain;1
1074;109;216;212;land;false;mountain;1
1075;209;173;250;land;false;plains;1
1076;240;144;230;land;false;plains;1
1077;137;159;236;land;false;plains;1
1078;248;185;88;land;false;plains;1
1079;250;196;108;land;false;plains;1
1080;176;143;201;land;false;plains;1
1081;191;246;244;land;false;plains;1
1082;176;132;250;land;false;mountain;1
1083;245;86;199;land;false;forest;1
1084;207;112;184;land;true;mountain;1
1085;208;168;228;land;false;plains;1
1086;194;173;146;land;false;plains;1
1087;194;163;158;land;false;plains;1
1088;74;253;179;land;false;forest;1
1089;223;136;218;land;false;plains;1
1090;238;201;173;land;false;plains;1
1091;198;209;128;land;false;plains;1
1092;179;200;181;land;true;mountain;1
1093;198;108;228;land;false;forest;1
1094;231;186;199;land;true;mountain;1
1095;54;226;252;land;false;forest;1
1096;250;243;171;land;false;desert;1
1097;233;237;88;land;false;desert;1
1098;24;243;240;land;false;mountain;1
1099;193;233;143;land;false;plains;1
1100;174;250;138;land;true;plains;1
1101;157;241;156;land;false;forest;1
1102;206;241;152;land;false;mountain;1
1103;209;252;153;land;false;plains;1
1104;146;228;192;land;false;mountain;1
1105;198;230;122;land;false;forest;1
1106;156;191;246;land;false;forest;1
1107;191;182;207;land;false;plains;1
1108;243;231;79;land;false;plains;1
1109;230;182;184;land;false;plains;1
1110;151;196;226;land;false;forest;1
1111;243;67;251;land;false;plains;1
1112;135;209;159;land;false;forest;1
1113;158;119;245;land;false;marsh;1
1114;81;172;251;land;false;plains;1
1115;190;232;146;land;false;plains;1
1116;173;198;175;land;false;desert;1
1117;189;204;110;land;false;mountain;1
1118;230;246;199;land;true;mountain;1
1119;219;179;204;land;false;plains;1
1120;254;254;72;land;false;plains;1
1121;27;230;250;land;true;mountain;1
1122;118;219;249;land;false;hills;1
1123;246;160;243;land;false;plains;1
1124;183;234;98;land;false;forest;1
1125;119;191;211;land;true;plains;1
1126;250;239;176;land;true;mountain;1
1127;212;229;166;land;false;plains;1
1128;125;196;254;land;false;forest;1
1129;164;108;244;land;false;plains;1
1130;166;225;202;land;false;forest;1
1131;217;210;133;land;false;mountain;1
1132;213;159;213;land;false;mountain;1
1133;171;197;230;land;false;mountain;1
1134;191;99;222;land;false;plains;1
1135;175;228;205;land;false;desert;1
1136;188;110;208;land;false;mountain;1
1137;91;184;233;land;false;forest;1
1138;236;92;179;land;false;plains;1
1139;252;228;153;land;false;forest;1
1140;209;183;125;land;false;plains;1
1141;238;97;246;land;false;plains;1
1142;150;237;136;land;false;plains;1
1143;180;199;246;land;true;forest;1
1144;190;234;144;land;false;plains;1
1145;242;65;224;land;true;forest;1
1146;155;230;180;land;true;plains;1
1147;220;192;226;land;false;forest;1
1148;224;219;242;land;false;plains;1
1149;252;165;86;land;true;plains;1
1150;172;189;202;land;true;plains;1
1151;152;125;240;land;true;plains;1
1152;228;116;192;land;true;forest;1
1153;239;162;153;land;true;plains;1
1154;166;234;232;land;true;plains;1
1155;246;172;239;land;false;forest;1
1156;171;226;180;land;false;forest;1
1157;201;229;89;land;false;forest;1
1158;131;233;239;land;true;plains;1
1159;238;78;196;land;false;plains;1
1160;216;177;165;land;false;forest;1
1161;188;179;159;land;false;forest;1
1162;246;87;197;land;true;plains;1
1163;186;75;247;land;false;plains;1
1164;193;225;227;land;false;plains;1
1165;223;223;197;land;false;forest;1
1166;243;153;251;land;false;forest;1
1167;161;218;243;land;false;plains;1
1168;253;194;240;land;true;plains;1
1169;173;212;244;land;false;plains;1
1170;218;230;238;land;true;plains;1
1171;89;236;227;land;true;mountain;1
1172;238;171;98;land;false;plains;1
1173;155;218;136;land;false;forest;1
1174;236;206;181;land;false;plains;1
1175;233;205;105;land;false;forest;1
1176;180;200;227;land;true;plains;1
1177;159;189;185;land;false;mountain;1
1178;242;215;119;land;false;plains;1
1179;145;220;217;land;false;plains;1
1180;246;164;130;land;false;plains;1
1181;250;102;250;land;true;forest;1
1182;132;243;233;land;true;plains;1
1183;232;230;65;land;false;mountain;1
1184;183;216;143;land;true;plains;1
1185;251;111;208;land;false;forest;1
1186;248;235;56;land;true;plains;1
1187;169;170;191;land;false;plains;1
1188;211;202;110;land;false;mountain;1
1189;96;212;196;land;false;forest;1
1190;164;221;236;land;true;plains;1
1191;156;245;180;land;false;forest;1
1192;153;184;173;land;false;plains;1
1193;221;244;62;land;false;plains;1
1194;155;127;250;land;true;forest;1
1195;211;212;233;land;true;plains;1
1196;238;228;172;land;true;plains;1
1197;229;186;115;land;false;forest;1
1198;180;197;181;land;false;forest;1
1199;159;132;210;land;false;forest;1
1200;80;249;197;land;false;forest;1
1201;98;187;229;land;true;plains;1
1202;242;193;140;land;false;plains;1
1203;68;232;222;land;false;plains;1
1204;233;246;132;land;false;forest;1
1205;141;183;177;land;false;plains;1
1206;225;166;223;land;false;forest;1
1207;192;88;253;land;false;plains;1
1208;165;130;221;land;false;forest;1
1209;157;248;108;land;false;plains;1
1210;187;135;182;land;false;forest;1
1211;182;237;136;land;false;forest;1
1212;117;209;190;land;true;plains;1
1213;195;159;151;land;true;plains;1
1214;235;217;172;land;false;forest;1
1215;217;186;178;land;false;plains;1
1216;241;217;161;land;false;plains;1
1217;216;201;88;land;false;mountain;1
1218;203;242;116;land;false;plains;1
1219;234;185;180;land;false;plains;1
1220;165;250;233;land;false;forest;1
1221;248;243;31;land;false;plains;1
1222;195;161;149;land;false;forest;1
1223;209;203;147;land;false;forest;1
1224;179;221;182;land;true;plains;1
1225;143;203;210;land;false;forest;1
1226;177;248;124;land;false;mountain;1
1227;254;218;102;land;false;forest;1
1228;239;125;139;land;false;forest;1
1229;241;174;210;land;false;forest;1
1230;163;194;160;land;false;forest;1
1231;239;52;223;land;false;forest;1
1232;234;250;102;land;false;forest;1
1233;246;31;235;land;false;plains;1
1234;222;181;232;land;false;forest;1
1235;212;170;239;land;false;forest;1
1236;145;207;240;land;false;forest;1
1237;251;204;149;land;false;plains;1
1238;254;245;161;land;false;plains;1
1239;253;249;118;land;false;forest;1
1240;232;194;120;land;false;plains;1
1241;156;245;172;land;false;plains;1
1242;69;233;227;land;false;forest;1
1243;251;230;81;land;false;plains;1
1244;246;105;234;land;true;plains;1
1245;122;245;193;land;false;plains;1
1246;223;178;149;land;false;plains;1
1247;208;180;203;land;false;mountain;1
1248;198;254;122;land;false;plains;1
1249;210;207;105;land;false;plains;1
1250;236;57;230;land;false;plains;1
1251;251;240;155;land;false;forest;1
1252;125;243;161;land;false;plains;1
1253;254;186;204;land;false;plains;1
1254;231;178;146;land;false;plains;1
1255;253;254;194;land;true;plains;1
1256;239;137;144;land;false;mountain;1
1257;246;188;213;land;false;plains;1
1258;180;254;212;land;true;plains;1
1259;242;243;143;land;false;forest;1
1260;208;77;233;land;false;plains;1
1261;151;116;235;land;false;forest;1
1262;189;181;139;land;true;plains;1
1263;250;58;236;land;false;plains;1
1264;198;229;78;land;false;mountain;1
1265;217;120;213;land;true;plains;1
1266;242;74;187;land;true;plains;1
1267;248;219;144;land;false;plains;1
1268;253;197;198;land;false;forest;1
1269;246;114;244;land;false;forest;1
1270;249;198;203;land;false;plains;1
1271;241;172;193;land;false;forest;1
1272;239;189;125;land;true;plains;1
1273;107;212;194;land;true;plains;1
1274;151;174;192;land;false;plains;1
1275;223;173;123;land;true;plains;1
1276;175;153;194;land;false;plains;1
1277;143;211;157;land;false;forest;1
1278;69;241;210;land;false;plains;1
1279;231;218;175;land;false;plains;1
1280;196;212;217;land;false;forest;1
1281;219;200;150;land;false;plains;1
1282;87;238;205;land;false;forest;1
1283;230;183;97;land;false;forest;1
1284;242;237;163;land;false;plains;1
1285;132;193;237;land;false;plains;1
1286;172;129;213;land;true;forest;1
1287;213;184;164;land;false;plains;1
1288;220;183;164;land;false;plains;1
1289;105;236;246;land;false;plains;1
1290;179;223;167;land;false;plains;1
1291;253;211;240;land;false;plains;1
1292;147;171;206;land;true;forest;1
1293;103;243;233;land;false;plains;1
1294;152;216;227;land;false;forest;1
1295;198;154;204;land;false;forest;1
1296;156;237;137;land;true;plains;1
1297;223;194;122;land;false;plains;1
1298;239;192;106;land;false;forest;1
1299;152;214;183;land;false;plains;1
1300;209;222;144;land;false;forest;1
1301;200;243;143;land;false;plains;1
1302;181;191;157;land;false;forest;1
1303;195;207;194;land;false;forest;1
1304;158;183;194;land;true;plains;1
1305;36;214;253;land;true;plains;1
1306;105;166;243;land;false;plains;1
1307;176;186;183;land;true;plains;1
1308;155;231;200;land;false;forest;1
1309;198;237;176;land;false;forest;1
1310;76;226;219;land;false;plains;1
1311;103;225;238;land;false;plains;1
1312;165;137;235;land;false;forest;1
1313;248;233;199;land;false;forest;1
1314;124;239;243;land;false;plains;1
1315;246;198;169;land;false;plains;1
1316;215;201;168;land;false;plains;1
1317;108;221;198;land;false;plains;1
1318;201;221;204;land;true;plains;1
1319;224;245;204;land;false;plains;1
1320;225;148;176;land;false;forest;1
1321;206;134;228;land;false;plains;1
1322;248;175;117;land;false;plains;1
1323;211;230;140;land;true;plains;1
1324;205;107;246;land;false;plains;1
1325;224;143;186;land;false;plains;1
1326;191;235;216;land;false;plains;1
1327;196;95;216;land;false;plains;1
1328;218;243;60;land;false;forest;1
1329;225;244;149;land;false;plains;1
1330;174;240;163;land;false;plains;1
1331;149;147;248;land;false;plains;1
1332;217;235;251;land;false;plains;1
1333;212;232;78;land;false;forest;1
1334;119;197;201;land;false;plains;1
1335;238;254;207;land;true;plains;1
1336;245;188;159;land;false;plains;1
1337;251;118;195;land;false;plains;1
1338;120;221;194;land;false;plains;1
1339;119;163;252;land;false;plains;1
1340;234;170;181;land;false;forest;1
1341;224;221;186;land;false;plains;1
1342;218;153;201;land;false;plains;1
1343;71;245;211;land;false;forest;1
1344;154;124;237;land;false;plains;1
1345;120;158;233;land;true;forest;1
1346;253;22;252;land;false;plains;1
1347;167;236;174;land;false;plains;1
1348;254;43;243;land;false;plains;1
1349;241;100;177;land;false;forest;1
1350;230;232;95;land;false;plains;1
1351;87;254;205;land;false;plains;1
1352;15;251;238;land;false;plains;1
1353;198;216;122;land;false;plains;1
1354;163;239;178;land;false;plains;1
1355;181;235;155;land;true;plains;1
1356;208;245;66;land;false;plains;1
1357;87;196;233;land;false;plains;1
1358;201;147;249;land;false;plains;1
1359;204;217;179;land;true;forest;1
1360;212;209;201;land;false;plains;1
1361;198;141;236;land;false;plains;1
1362;225;233;200;land;true;plains;1
1363;101;245;249;land;false;plains;1
1364;215;153;179;land;false;plains;1
1365;125;228;194;land;false;plains;1
1366;217;94;201;land;false;plains;1
1367;133;179;204;land;true;plains;1
1368;95;238;214;land;true;plains;1
1369;187;204;203;land;false;plains;1
1370;173;80;252;land;false;marsh;1
1371;229;107;205;land;false;plains;1
1372;232;181;216;land;false;plains;1
1373;185;156;181;land;false;plains;1
1374;200;153;224;land;false;plains;1
1375;197;247;204;land;false;plains;1
1376;179;123;218;land;false;plains;1
1377;173;229;213;land;false;plains;1
1378;189;232;104;land;false;plains;1
1379;254;251;142;land;false;marsh;1
1380;187;224;186;land;true;plains;1
1381;249;231;131;land;false;plains;1
1382;236;123;187;land;false;plains;1
1383;167;216;165;land;false;plains;1
1384;213;252;162;land;false;plains;1
1385;208;214;146;land;false;plains;1
1386;252;254;133;land;false;plains;1
1387;198;224;163;land;false;mountain;1
1388;248;208;134;land;false;plains;1
1389;187;188;168;land;false;marsh;1
1390;79;252;202;land;false;plains;1
1391;147;196;244;land;false;plains;1
1392;213;203;151;land;true;forest;1
1393;167;229;189;land;false;plains;1
1394;235;171;173;land;false;marsh;1
1395;208;253;126;land;false;plains;1
1396;197;206;239;land;false;plains;1
1397;200;252;106;land;true;plains;1
1398;218;133;223;land;false;plains;1
1399;139;217;226;land;false;plains;1
1400;208;249;212;land;false;plains;1
1401;235;102;186;land;false;plains;1
1402;253;136;143;land;false;marsh;1
1403;233;99;215;land;false;plains;1
1404;139;254;200;land;false;plains;1
1405;163;163;219;land;false;plains;1
1406;205;237;187;land;false;plains;1
1407;75;249;252;land;true;plains;1
1408;192;218;118;land;true;forest;1
1409;229;230;80;land;false;plains;1
1410;185;245;153;land;false;plains;1
1411;224;204;129;land;true;plains;1
1412;240;84;192;land;false;plains;1
1413;236;90;241;land;false;plains;1
1414;245;192;176;land;false;plains;1
1415;163;234;159;land;false;mountain;1
1416;55;230;233;land;false;forest;1
1417;165;236;224;land;false;mountain;1
1418;113;177;232;land;false;plains;1
1419;242;133;207;land;false;plains;1
1420;197;243;75;land;false;forest;1
1421;208;192;190;land;false;plains;1
1422;224;32;250;land;false;desert;1
1423;132;145;233;land;false;forest;1
1424;240;221;131;land;false;plains;1
1425;247;117;166;land;false;forest;1
1426;242;213;139;land;false;forest;1
1427;194;154;217;land;false;desert;1
1428;234;237;180;land;false;desert;1
1429;218;251;128;land;false;plains;1
1430;224;238;40;land;false;desert;1
1431;249;226;56;land;false;desert;1
1432;183;180;179;land;true;plains;1
1433;223;73;240;land;false;forest;1
1434;188;204;247;land;false;desert;1
1435;205;182;210;land;false;desert;1
1436;243;133;253;land;false;desert;1
1437;172;153;243;land;true;plains;1
1438;146;251;192;land;true;plains;1
1439;253;135;122;land;false;plains;1
1440;95;237;227;land;false;plains;1
1441;221;168;212;land;false;desert;1
1442;225;179;250;land;false;desert;1
1443;243;183;253;land;false;mountain;1
1444;250;225;204;land;false;desert;1
1445;197;167;166;land;false;plains;1
1446;193;235;132;land;false;plains;1
1447;154;253;199;land;false;desert;1
1448;199;235;88;land;true;plains;1
1449;69;211;237;land;true;plains;1
1450;189;201;129;land;false;desert;1
1451;230;129;248;land;false;desert;1
1452;237;77;209;land;false;desert;1
1453;184;173;249;land;false;forest;1
1454;229;91;235;land;false;mountain;1
1455;216;161;142;land;true;plains;1
1456;237;237;126;land;true;desert;1
1457;228;191;166;land;false;plains;1
1458;179;250;80;land;false;desert;1
1459;142;151;244;land;false;plains;1
1460;252;170;150;land;false;plains;1
1461;99;157;251;land;false;desert;1
1462;195;225;147;land;false;desert;1
1463;209;254;103;land;false;desert;1
1464;212;147;245;land;false;desert;1
1465;134;163;247;land;false;hills;1
1466;192;75;250;land;false;desert;1
1467;162;254;111;land;false;desert;1
1468;208;205;120;land;true;plains;1
1469;145;190;210;land;false;forest;1
1470;166;220;127;land;false;desert;1
1471;228;179;202;land;true;plains;1
1472;182;246;178;land;false;desert;1
1473;235;143;194;land;false;forest;1
1474;219;247;76;land;false;forest;1
1475;194;212;235;land;false;desert;1
1476;177;250;178;land;true;desert;1
1477;115;204;197;land;true;mountain;1
1478;142;154;252;land;false;desert;1
1479;228;122;167;land;false;desert;1
1480;185;237;161;land;false;plains;1
1481;157;223;220;land;true;desert;1
1482;246;161;206;land;false;desert;1
1483;254;200;224;land;true;plains;1
1484;200;208;212;land;true;hills;1
1485;160;247;250;land;false;desert;1
1486;202;214;178;land;true;desert;1
1487;206;128;249;land;false;plains;1
1488;248;131;125;land;false;mountain;1
1489;63;228;213;land;true;plains;1
1490;158;222;247;land;true;mountain;1
1491;212;221;68;land;false;mountain;1
1492;116;204;253;land;false;mountain;1
1493;194;132;243;land;false;mountain;1
1494;132;245;166;land;false;mountain;1
1495;178;240;182;land;true;plains;1
1496;151;146;239;land;true;forest;1
1497;228;39;243;land;true;mountain;1
1498;211;113;222;land;false;mountain;1
1499;247;90;209;land;false;forest;1
1500;202;252;149;land;true;plains;1
1501;217;216;96;land;false;forest;1
1502;233;237;104;land;false;mountain;1
1503;188;226;220;land;true;plains;1
1504;210;152;167;land;false;plains;1
1505;236;121;182;land;false;hills;1
1506;149;232;216;land;false;forest;1
1507;191;88;222;land;true;forest;1
1508;218;246;121;land;false;forest;1
1509;189;176;229;land;false;plains;1
1510;141;222;221;land;false;forest;1
1511;171;95;242;land;false;forest;1
1512;119;205;246;land;false;forest;1
1513;55;231;236;land;false;forest;1
1514;26;227;252;land;true;plains;1
1515;249;249;243;land;true;forest;1
1516;123;221;181;land;false;plains;1
1517;133;170;221;land;true;forest;1
1518;225;179;168;land;true;plains;1
1519;206;186;217;land;false;forest;1
1520;152;122;239;land;true;plains;1
1521;102;167;247;land;false;forest;1
1522;200;246;87;land;true;plains;1
1523;231;229;236;land;false;forest;1
1524;226;191;205;land;true;plains;1
1525;240;212;77;land;true;plains;1
1526;247;243;62;land;false;forest;1
1527;113;248;226;land;false;forest;1
1528;198;78;249;land;false;plains;1
1529;238;131;157;land;true;plains;1
1530;215;232;207;land;false;forest;1
1531;218;133;186;land;false;forest;1
1532;185;188;234;land;false;forest;1
1533;139;156;230;land;true;plains;1
1534;192;206;242;land;false;plains;1
1535;248;104;159;land;false;plains;1
1536;204;117;218;land;false;forest;1
1537;223;237;134;land;true;plains;1
1538;195;250;116;land;false;plains;1
1539;190;207;117;land;true;plains;1
1540;100;247;199;land;true;plains;1
1541;176;116;233;land;true;forest;1
1542;101;193;213;land;false;forest;1
1543;22;253;228;land;true;plains;1
1544;193;112;234;land;false;forest;1
1545;240;220;181;land;false;forest;1
1546;239;173;203;land;true;plains;1
1547;234;225;103;land;true;forest;1
1548;73;248;187;land;false;forest;1
1549;238;224;110;land;false;forest;1
1550;171;239;101;land;true;plains;1
1551;251;126;198;land;true;plains;1
1552;221;213;127;land;true;plains;1
1553;203;90;211;land;true;plains;1
1554;237;197;245;land;false;plains;1
1555;247;76;244;land;true;forest;1
1556;190;169;150;land;true;plains;1
1557;59;205;249;land;false;plains;1
1558;176;216;110;land;false;plains;1
1559;95;220;202;land;false;plains;1
1560;187;245;172;land;false;forest;1
1561;191;192;133;land;true;plains;1
1562;144;233;137;land;true;plains;1
1563;239;77;234;land;false;plains;1
1564;233;47;226;land;false;forest;1
1565;103;219;248;land;false;plains;1
1566;252;247;101;land;false;plains;1
1567;207;100;211;land;false;plains;1
1568;215;243;140;land;false;plains;1
1569;200;156;202;land;true;forest;1
1570;165;165;235;land;false;forest;1
1571;182;187;132;land;true;plains;1
1572;248;218;185;land;true;plains;1
1573;58;194;251;land;false;forest;1
1574;157;112;235;land;false;forest;1
1575;252;217;113;land;false;forest;1
1576;243;207;129;land;false;forest;1
1577;237;252;192;land;false;forest;1
1578;222;96;241;land;false;hills;1
1579;228;213;249;land;true;plains;1
1580;154;248;228;land;true;plains;1
1581;243;165;197;land;false;forest;1
1582;73;230;218;land;false;forest;1
1583;229;232;176;land;true;plains;1
1584;251;235;133;land;true;forest;1
1585;226;209;106;land;false;forest;1
1586;120;220;246;land;false;forest;1
1587;208;249;94;land;true;plains;1
1588;235;203;133;land;false;mountain;1
1589;201;100;231;land;false;mountain;1
1590;41;246;232;land;false;forest;1
1591;196;127;241;land;false;forest;1
1592;212;205;137;land;false;forest;1
1593;219;115;172;land;false;mountain;1
1594;232;36;244;land;false;forest;1
1595;155;166;208;land;false;forest;1
1596;112;229;206;land;true;forest;1
1597;193;213;141;land;false;mountain;1
1598;118;214;213;land;false;forest;1
1599;119;247;187;land;false;plains;1
1600;250;210;234;land;false;plains;1
1601;224;178;150;land;false;forest;1
1602;199;82;239;land;false;mountain;1
1603;175;164;199;land;false;forest;1
1604;240;171;252;land;false;forest;1
1605;146;203;183;land;false;forest;1
1606;243;251;40;land;false;forest;1
1607;156;221;159;land;false;forest;1
1608;216;64;222;land;false;plains;1
1609;101;155;254;land;false;forest;1
1610;213;190;99;land;false;plains;1
1611;200;216;90;land;false;forest;1
1612;163;223;186;land;false;forest;1
1613;228;91;243;land;false;mountain;1
1614;224;52;230;land;false;plains;1
1615;191;224;228;land;false;forest;1
1616;250;239;89;land;false;forest;1
1617;78;234;191;land;false;plains;1
1618;183;101;231;land;false;plains;1
1619;252;229;99;land;false;mountain;1
1620;146;156;213;land;true;mountain;1
1621;220;159;136;land;false;mountain;1
1622;201;245;213;land;false;forest;1
1623;178;213;218;land;false;forest;1
1624;188;215;193;land;false;mountain;1
1625;212;120;194;land;false;mountain;1
1626;134;175;221;land;false;plains;1
1627;176;210;150;land;false;forest;1
1628;198;153;183;land;false;plains;1
1629;135;251;253;land;false;plains;1
1630;182;174;162;land;false;mountain;1
1631;252;239;44;land;false;mountain;1
1632;252;168;95;land;true;mountain;1
1633;109;210;239;land;true;mountain;1
1634;242;216;87;land;false;mountain;1
1635;248;140;215;land;false;mountain;1
1636;136;210;228;land;false;mountain;1
1637;236;73;236;land;false;mountain;1
1638;78;177;249;land;false;mountain;1
1639;192;95;229;land;false;mountain;1
1640;181;188;181;land;true;mountain;1
1641;192;140;216;land;false;plains;1
1642;185;70;248;land;false;mountain;1
1643;246;31;229;land;false;mountain;1
1644;243;241;193;land;false;mountain;1
1645;193;230;168;land;false;mountain;1
1646;224;251;154;land;false;mountain;1
1647;238;217;58;land;true;mountain;1
1648;250;60;192;land;false;mountain;1
1649;102;219;209;land;false;mountain;1
1650;192;223;252;land;false;mountain;1
1651;238;171;175;land;false;mountain;1
1652;176;84;253;land;false;mountain;1
1653;229;238;118;land;false;mountain;1
1654;211;192;104;land;false;mountain;1
1655;217;186;98;land;false;mountain;1
1656;203;114;192;land;false;mountain;1
1657;185;196;233;land;false;mountain;1
1658;136;160;223;land;false;mountain;1
1659;216;217;127;land;false;mountain;1
1660;214;163;140;land;false;mountain;1
1661;232;181;241;land;true;mountain;1
1662;136;210;205;land;false;mountain;1
1663;68;201;253;land;false;mountain;1
1664;230;91;233;land;false;mountain;1
1665;209;168;215;land;true;mountain;1
1666;224;187;229;land;false;mountain;1
1667;14;242;251;land;false;mountain;1
1668;240;76;237;land;false;mountain;1
1669;252;30;225;land;false;mountain;1
1670;163;176;241;land;false;mountain;1
1671;248;227;104;land;false;mountain;1
1672;228;167;142;land;false;mountain;1
1673;244;43;215;land;false;mountain;1
1674;247;152;140;land;false;mountain;1
1675;216;152;163;land;false;mountain;1
1676;218;203;102;land;false;mountain;1
1677;198;84;235;land;false;mountain;1
1678;223;110;234;land;false;mountain;1
1679;246;187;135;land;false;mountain;1
1680;192;135;248;land;false;mountain;1
1681;232;111;233;land;false;mountain;1
1682;149;141;226;land;true;plains;1
1683;187;179;215;land;true;mountain;1
1684;188;247;86;land;false;mountain;1
1685;125;233;187;land;false;mountain;1
1686;243;238;249;land;false;mountain;1
1687;229;204;167;land;false;mountain;1
1688;168;203;185;land;false;mountain;1
1689;125;185;250;land;false;mountain;1
1690;110;181;241;land;false;mountain;1
1691;251;123;206;land;false;mountain;1
1692;204;104;225;land;true;plains;1
1693;229;247;119;land;true;mountain;1
1694;164;139;248;land;false;mountain;1
1695;238;253;253;land;false;mountain;1
1696;221;62;248;land;false;mountain;1
1697;149;113;240;land;false;mountain;1
1698;187;190;153;land;false;mountain;1
1699;181;252;113;land;false;mountain;1
1700;231;247;66;land;false;mountain;1
1701;226;120;174;land;false;mountain;1
1702;223;88;229;land;true;plains;1
1703;203;224;166;land;true;mountain;1
1704;244;221;200;land;false;mountain;1
1705;224;99;245;land;true;plains;1
1706;229;125;177;land;false;plains;1
1707;187;220;136;land;true;mountain;1
1708;108;200;248;land;false;mountain;1
1709;223;194;155;land;false;mountain;1
1710;232;239;149;land;true;plains;1
1711;183;235;91;land;true;plains;1
1712;239;174;88;land;false;plains;1
1713;176;216;118;land;false;plains;1
1714;241;217;93;land;true;plains;1
1715;244;182;149;land;false;mountain;1
1716;237;242;130;land;false;plains;1
1717;192;149;253;land;false;mountain;1
1718;231;254;184;land;false;mountain;1
1719;228;155;147;land;true;plains;1
1720;245;200;159;land;true;plains;1
1721;126;172;203;land;true;mountain;1
1722;153;235;163;land;false;mountain;1
1723;242;150;216;land;true;plains;1
1724;242;136;199;land;false;plains;1
1725;180;185;152;land;true;hills;1
1726;133;193;184;land;false;mountain;1
1727;232;230;60;land;false;mountain;1
1728;206;207;180;land;false;plains;1
1729;173;177;161;land;true;plains;1
1730;101;167;237;land;false;mountain;1
1731;190;194;176;land;false;mountain;1
1732;221;252;181;land;false;mountain;1
1733;180;169;166;land;false;mountain;1
1734;246;105;153;land;false;plains;1
1735;223;179;201;land;false;mountain;1
1736;207;195;252;land;false;plains;1
1737;196;184;212;land;false;plains;1
1738;212;234;76;land;false;mountain;1
1739;244;140;201;land;false;plains;1
1740;178;222;224;land;false;mountain;1
1741;166;114;237;land;true;mountain;1
1742;167;218;201;land;false;mountain;1
1743;107;199;216;land;true;plains;1
1744;25;228;249;land;true;forest;1
1745;251;128;240;land;false;mountain;1
1746;233;28;249;land;true;plains;1
1747;247;235;243;land;false;plains;1
1748;57;209;253;land;false;mountain;1
1749;254;181;141;land;true;plains;1
1750;168;229;240;land;false;plains;1
1751;190;200;204;land;false;mountain;1
1752;123;238;148;land;true;plains;1
1753;240;189;178;land;false;mountain;1
1754;109;183;233;land;false;mountain;1
1755;215;249;98;land;true;plains;1
1756;175;108;221;land;true;mountain;1
1757;217;63;237;land;true;plains;1
1758;253;187;176;land;false;plains;1
1759;207;251;154;land;false;plains;1
1760;204;196;119;land;true;mountain;1
1761;81;222;199;land;true;plains;1
1762;244;159;133;land;false;plains;1
1763;97;228;244;land;false;mountain;1
1764;211;146;154;land;false;plains;1
1765;222;116;181;land;false;mountain;1
1766;231;137;135;land;false;mountain;1
1767;212;148;187;land;true;mountain;1
1768;66;232;242;land;false;mountain;1
1769;128;153;242;land;true;plains;1
1770;181;214;216;land;true;mountain;1
1771;166;180;175;land;false;mountain;1
1772;186;237;247;land;true;plains;1
1773;244;179;95;land;true;mountain;1
1774;201;135;246;land;false;mountain;1
1775;205;208;180;land;false;mountain;1
1776;204;216;96;land;true;mountain;1
1777;234;198;180;land;true;mountain;1
1778;241;205;195;land;false;mountain;1
1779;249;180;94;land;false;mountain;1
1780;190;127;222;land;true;plains;1
1781;247;110;233;land;true;mountain;1
1782;249;75;231;land;true;plains;1
1783;157;228;235;land;true;plains;1
1784;170;195;217;land;true;mountain;1
1785;110;215;228;land;true;plains;1
1786;183;83;249;land;true;plains;1
1787;197;144;160;land;true;plains;1
1788;233;141;167;land;true;plains;1
1789;236;231;226;land;true;plains;1
1790;218;168;202;land;false;plains;1
1791;253;48;218;land;true;plains;1
1792;105;166;254;land;true;plains;1
1793;48;223;232;land;true;plains;1
1794;185;173;151;land;true;plains;1
1795;245;102;196;land;true;plains;1
1796;227;188;121;land;true;plains;1
1797;125;166;229;land;true;plains;1
1798;199;85;236;land;true;plains;1
1799;15;18;29;sea;false;ocean;0
1800;4;71;17;sea;false;ocean;0
1801;11;31;43;sea;false;ocean;0
1802;35;25;15;sea;false;ocean;0
1803;6;12;64;sea;false;ocean;0
1804;42;6;33;sea;false;ocean;0
1805;22;40;20;sea;false;ocean;0
1806;6;67;12;sea;false;ocean;0
1807;5;83;7;sea;false;ocean;0
1808;4;36;47;sea;true;ocean;0
1809;9;30;8;sea;false;ocean;0
1810;29;13;50;sea;false;ocean;0
1811;22;17;32;sea;false;ocean;0
1812;5;14;1;sea;false;ocean;0
1813;21;17;17;sea;false;ocean;0
1814;30;13;41;sea;false;ocean;0
1815;11;18;41;sea;false;ocean;0
1816;51;17;6;sea;false;ocean;0
1817;16;49;25;sea;false;ocean;0
1818;26;43;15;sea;false;ocean;0
1819;56;25;6;sea;false;ocean;0
1820;20;61;13;sea;false;ocean;0
1821;64;11;20;sea;true;ocean;0
1822;7;59;20;sea;false;ocean;0
1823;62;5;27;sea;false;ocean;0
1824;50;17;26;sea;false;ocean;0
1825;22;23;41;sea;false;ocean;0
1826;14;13;63;sea;false;ocean;0
1827;19;13;46;sea;false;ocean;0
1828;4;25;10;sea;false;ocean;0
1829;39;5;12;sea;false;ocean;0
1830;6;33;40;sea;false;ocean;0
1831;25;55;8;sea;false;ocean;0
1832;21;9;68;sea;false;ocean;0
1833;27;6;59;sea;false;ocean;0
1834;5;22;42;sea;false;ocean;0
1835;50;23;5;sea;false;ocean;0
1836;4;11;13;sea;false;ocean;0
1837;59;12;16;sea;false;ocean;0
1838;3;13;77;sea;false;ocean;0
1839;47;6;26;sea;false;ocean;0
1840;18;20;53;sea;false;ocean;0
1841;11;6;16;sea;false;ocean;0
1842;33;48;8;sea;false;ocean;0
1843;33;0;46;sea;false;ocean;0
1844;49;10;3;sea;false;ocean;0
1845;25;45;3;sea;false;ocean;0
1846;19;51;1;sea;false;ocean;0
1847;27;32;5;sea;false;ocean;0
1848;12;30;11;sea;false;ocean;0
1849;27;8;57;sea;false;ocean;0
1850;19;24;35;sea;false;ocean;0
1851;87;5;2;sea;false;ocean;0
1852;5;45;0;sea;false;ocean;0
1853;18;67;8;sea;false;ocean;0
1854;17;27;1;sea;false;ocean;0
1855;14;62;0;sea;false;ocean;0
1856;6;60;16;sea;false;ocean;0
1857;35;17;26;sea;false;ocean;0
1858;42;35;6;sea;false;ocean;0
1859;6;31;52;sea;false;ocean;0
1860;1;17;18;sea;false;ocean;0
1861;26;16;41;sea;false;ocean;0
1862;22;5;31;sea;false;ocean;0
1863;0;1;87;sea;false;ocean;0
1864;9;41;28;sea;false;ocean;0
1865;28;28;30;sea;false;ocean;0
1866;32;14;7;sea;false;ocean;0
1867;2;14;4;sea;false;ocean;0
1868;28;46;16;sea;false;ocean;0
1869;48;28;7;sea;false;ocean;0
1870;24;8;27;sea;false;ocean;0
1871;64;11;5;sea;false;ocean;0
1872;63;25;5;sea;false;ocean;0
1873;19;59;13;sea;false;ocean;0
1874;37;18;20;sea;false;ocean;0
1875;34;23;15;sea;false;ocean;0
1876;58;16;23;sea;false;ocean;0
1877;31;30;36;sea;false;ocean;0
1878;34;32;14;sea;false;ocean;0
1879;9;56;11;sea;false;ocean;0
1880;36;7;48;sea;false;ocean;0
1881;23;75;0;sea;false;ocean;0
1882;14;30;45;sea;true;ocean;0
1883;18;5;49;sea;false;ocean;0
1884;35;5;6;sea;false;ocean;0
1885;2;54;36;sea;false;ocean;0
1886;24;55;9;sea;false;ocean;0
1887;49;12;32;sea;false;ocean;0
1888;2;38;9;sea;false;ocean;0
1889;16;40;32;sea;false;ocean;0
1890;12;6;22;sea;false;ocean;0
1891;32;15;13;sea;false;ocean;0
1892;37;20;26;sea;false;ocean;0
1893;13;70;10;sea;false;ocean;0
1894;10;22;66;sea;false;ocean;0
1895;17;0;24;sea;false;ocean;0
1896;7;25;9;sea;false;ocean;0
1897;12;41;32;sea;false;ocean;0
1898;55;3;35;sea;false;ocean;0
1899;23;47;26;sea;false;ocean;0
1900;1;6;12;sea;false;ocean;0
1901;7;50;38;sea;false;ocean;0
1902;2;39;36;sea;false;ocean;0
1903;13;62;9;sea;false;ocean;0
1904;11;41;42;sea;false;ocean;0
1905;46;9;38;sea;false;ocean;0
1906;26;6;4;sea;false;ocean;0
1907;55;16;8;sea;false;ocean;0
1908;3;8;24;sea;false;ocean;0
1909;27;7;54;sea;false;ocean;0
1910;7;33;8;sea;false;ocean;0
1911;53;17;19;sea;false;ocean;0
1912;10;6;1;sea;false;ocean;0
1913;0;2;67;sea;false;ocean;0
1914;4;3;91;sea;false;ocean;0
1915;8;18;38;sea;false;ocean;0
1916;65;3;8;sea;true;ocean;0
1917;0;0;40;sea;false;ocean;0
1918;1;17;8;sea;false;ocean;0
1919;5;26;59;sea;false;ocean;0
1920;12;41;40;sea;false;ocean;0
1921;28;24;37;sea;false;ocean;0
1922;8;0;23;sea;false;ocean;0
1923;3;1;47;sea;false;ocean;0
1924;28;30;10;sea;false;ocean;0
1925;19;7;49;sea;false;ocean;0
1926;0;33;18;sea;false;ocean;0
1927;14;38;38;sea;true;ocean;0
1928;4;64;7;sea;false;ocean;0
1929;15;52;21;sea;false;ocean;0
1930;8;1;48;sea;false;ocean;0
1931;0;0;8;sea;false;ocean;0
1932;1;1;64;sea;false;ocean;0
1933;24;44;9;sea;false;ocean;0
1934;51;9;24;sea;true;ocean;0
1935;76;15;0;sea;false;ocean;0
1936;14;61;5;sea;false;ocean;0
1937;7;19;24;sea;false;ocean;0
1938;2;21;7;sea;false;ocean;0
1939;61;8;25;sea;true;ocean;0
1940;2;41;14;sea;false;ocean;0
1941;53;14;13;sea;false;ocean;0
1942;25;43;7;sea;false;ocean;0
1943;20;23;23;sea;true;ocean;0
1944;4;46;36;sea;false;ocean;0
1945;25;27;22;sea;false;ocean;0
1946;1;46;50;sea;false;ocean;0
1947;0;5;60;sea;false;ocean;0
1948;7;48;34;sea;false;ocean;0
1949;60;3;15;sea;false;ocean;0
1950;37;20;34;sea;false;ocean;0
1951;76;8;10;sea;false;ocean;0
1952;44;1;26;sea;false;ocean;0
1953;45;22;12;sea;false;ocean;0
1954;44;3;40;sea;false;ocean;0
1955;6;52;38;sea;false;ocean;0
1956;5;19;52;sea;false;ocean;0
1957;10;36;23;sea;false;ocean;0
1958;24;5;39;sea;false;ocean;0
1959;11;25;38;sea;false;ocean;0
1960;15;24;40;sea;false;ocean;0
1961;49;7;8;sea;false;ocean;0
1962;31;21;15;sea;false;ocean;0
1963;39;19;10;sea;false;ocean;0
1964;40;14;27;sea;false;ocean;0
1965;25;48;18;sea;false;ocean;0
1966;32;33;28;sea;false;ocean;0
1967;21;6;71;sea;false;ocean;0
1968;40;37;14;sea;false;ocean;0
1969;28;21;23;sea;false;ocean;0
1970;11;30;36;sea;false;ocean;0
1971;21;12;52;sea;false;ocean;0
1972;11;77;7;sea;false;ocean;0
1973;22;12;46;sea;false;ocean;0
1974;15;2;27;sea;false;ocean;0
1975;11;18;35;sea;false;ocean;0
1976;4;8;80;sea;true;ocean;0
1977;66;10;4;sea;false;ocean;0
1978;1;18;6;sea;false;ocean;0
1979;3;78;7;sea;false;ocean;0
1980;37;2;43;sea;false;ocean;0
1981;11;17;53;sea;false;ocean;0
1982;3;22;14;sea;false;ocean;0
1983;68;1;3;sea;false;ocean;0
1984;37;8;16;sea;false;ocean;0
1985;16;57;24;sea;false;ocean;0
1986;14;34;38;sea;false;ocean;0
1987;35;15;47;sea;false;ocean;0
1988;24;60;12;sea;false;ocean;0
1989;72;0;10;sea;false;ocean;0
1990;9;17;49;sea;false;ocean;0
1991;30;11;4;sea;true;ocean;0
1992;8;3;23;sea;false;ocean;0
1993;9;10;44;sea;false;ocean;0
1994;47;14;20;sea;false;ocean;0
1995;15;12;58;sea;false;ocean;0
1996;12;5;28;sea;false;ocean;0
1997;31;30;24;sea;false;ocean;0
1998;49;2;45;sea;false;ocean;0
1999;12;77;10;sea;false;ocean;0
2000;33;30;19;sea;false;ocean;0
2001;22;1;75;sea;false;ocean;0
2002;50;24;10;sea;false;ocean;0
2003;13;2;48;sea;false;ocean;0
2004;8;17;48;sea;false;ocean;0
2005;16;64;0;sea;false;ocean;0
2006;17;16;0;sea;false;ocean;0
2007;76;5;2;sea;false;ocean;0
2008;47;5;45;sea;false;ocean;0
2009;12;26;59;sea;false;ocean;0
2010;34;9;47;sea;false;ocean;0
2011;8;39;24;sea;false;ocean;0
2012;49;1;17;sea;false;ocean;0
2013;10;57;6;sea;false;ocean;0
2014;8;41;6;sea;false;ocean;0
2015;7;40;8;sea;false;ocean;0
2016;44;40;6;sea;false;ocean;0
2017;3;11;33;sea;false;ocean;0
2018;41;19;14;sea;false;ocean;0
2019;13;16;15;sea;false;ocean;0
2020;10;33;20;sea;false;ocean;0
2021;72;11;0;sea;false;ocean;0
2022;12;59;10;sea;false;ocean;0
2023;37;35;23;sea;false;ocean;0
2024;6;5;55;sea;false;ocean;0
2025;9;35;38;sea;false;ocean;0
2026;7;19;66;sea;false;ocean;0
2027;19;7;42;sea;false;ocean;0
2028;15;34;46;sea;false;ocean;0
2029;3;66;17;sea;false;ocean;0
2030;18;51;25;sea;false;ocean;0
2031;8;10;5;sea;false;ocean;0
2032;57;26;5;sea;false;ocean;0
2033;42;16;36;sea;false;ocean;0
2034;11;21;60;sea;false;ocean;0
2035;8;12;30;sea;false;ocean;0
2036;6;36;7;sea;false;ocean;0
2037;47;35;1;sea;false;ocean;0
2038;4;67;23;sea;false;ocean;0
2039;58;13;27;sea;false;ocean;0
2040;1;20;37;sea;false;ocean;0
2041;23;25;36;sea;false;ocean;0
2042;15;35;25;sea;false;ocean;0
2043;41;0;44;sea;false;ocean;0
2044;29;15;55;sea;false;ocean;0
2045;39;35;15;sea;false;ocean;0
2046;73;3;6;sea;true;ocean;0
2047;23;60;10;sea;true;ocean;0
2048;61;18;16;sea;false;ocean;0
2049;85;5;3;sea;false;ocean;0
2050;13;67;4;sea;false;ocean;0
2051;8;50;19;sea;true;ocean;0
2052;31;42;4;sea;false;ocean;0
2053;0;88;6;sea;false;ocean;0
2054;41;7;16;sea;false;ocean;0
2055;60;9;22;sea;true;ocean;0
2056;18;30;33;sea;false;ocean;0
2057;8;16;62;sea;false;ocean;0
2058;44;27;8;sea;false;ocean;0
2059;1;30;7;sea;false;ocean;0
2060;42;12;36;sea;false;ocean;0
2061;26;25;2;sea;false;ocean;0
2062;15;4;21;sea;false;ocean;0
2063;24;32;5;sea;true;ocean;0
2064;46;11;6;sea;false;ocean;0
2065;3;2;70;sea;false;ocean;0
2066;41;5;39;sea;false;ocean;0
2067;60;4;2;sea;false;ocean;0
2068;39;50;8;sea;false;ocean;0
2069;38;2;40;sea;false;ocean;0
2070;48;13;37;sea;false;ocean;0
2071;41;52;4;sea;false;ocean;0
2072;65;17;5;sea;false;ocean;0
2073;7;47;16;sea;false;ocean;0
2074;45;49;1;sea;false;ocean;0
2075;62;10;6;sea;true;ocean;0
2076;3;50;44;sea;false;ocean;0
2077;1;57;16;sea;false;ocean;0
2078;62;14;16;sea;false;ocean;0
2079;3;55;6;sea;false;ocean;0
2080;24;28;41;sea;false;ocean;0
2081;6;25;54;sea;false;ocean;0
2082;11;32;31;sea;false;ocean;0
2083;11;17;25;sea;false;ocean;0
2084;15;3;60;sea;false;ocean;0
2085;18;52;29;sea;false;ocean;0
2086;8;6;59;sea;true;ocean;0
2087;77;4;7;sea;false;ocean;0
2088;23;7;27;sea;false;ocean;0
2089;20;32;12;sea;false;ocean;0
2090;54;7;8;sea;false;ocean;0
2091;2;33;34;sea;false;ocean;0
2092;51;26;5;sea;false;ocean;0
2093;22;3;59;sea;false;ocean;0
2094;11;60;10;sea;false;ocean;0
2095;15;53;18;sea;false;ocean;0
2096;46;37;2;sea;false;ocean;0
2097;13;38;17;sea;false;ocean;0
2098;15;62;6;sea;false;ocean;0
2099;33;9;49;sea;false;ocean;0
2100;48;1;38;sea;true;ocean;0
2101;7;50;18;sea;false;ocean;0
2102;59;33;0;sea;false;ocean;0
2103;38;4;21;sea;false;ocean;0
2104;24;9;54;sea;false;ocean;0
2105;12;4;36;sea;false;ocean;0
2106;2;18;36;sea;true;ocean;0
2107;51;14;2;sea;true;ocean;0
2108;69;28;2;sea;false;ocean;0
2109;8;61;26;sea;false;ocean;0
2110;13;22;47;sea;true;ocean;0
2111;24;52;3;sea;true;ocean;0
2112;16;72;11;sea;true;ocean;0
2113;15;7;21;sea;false;ocean;0
2114;17;34;27;sea;false;ocean;0
2115;5;55;12;sea;false;ocean;0
2116;14;38;40;sea;false;ocean;0
2117;37;0;14;sea;false;ocean;0
2118;17;68;1;sea;false;ocean;0
2119;18;20;14;sea;false;ocean;0
2120;28;25;2;sea;false;ocean;0
2121;21;0;65;sea;false;ocean;0
2122;30;13;38;sea;false;ocean;0
2123;15;22;15;sea;false;ocean;0
2124;29;35;17;sea;false;ocean;0
2125;19;13;0;sea;false;ocean;0
2126;2;16;57;sea;false;ocean;0
2127;9;82;5;sea;false;ocean;0
2128;38;30;12;sea;false;ocean;0
2129;40;3;46;sea;false;ocean;0
2130;42;32;17;sea;false;ocean;0
2131;66;1;32;sea;true;ocean;0
2132;54;9;7;sea;false;ocean;0
2133;3;0;16;sea;false;ocean;0
2134;47;25;10;sea;true;ocean;0
2135;15;4;32;sea;false;ocean;0
2136;18;26;7;sea;false;ocean;0
2137;44;38;7;sea;false;ocean;0
2138;45;15;28;sea;false;ocean;0
2139;46;18;12;sea;false;ocean;0
2140;4;44;35;sea;false;ocean;0
2141;29;21;15;sea;true;ocean;0
2142;11;64;22;sea;false;ocean;0
2143;3;52;16;sea;false;ocean;0
2144;23;36;0;sea;false;ocean;0
2145;1;53;30;sea;false;ocean;0
2146;33;5;56;sea;false;ocean;0
2147;13;2;6;sea;false;ocean;0
2148;8;0;39;sea;false;ocean;0
2149;0;13;35;sea;false;ocean;0
2150;51;11;28;sea;false;ocean;0
2151;38;11;37;sea;false;ocean;0
2152;14;30;48;sea;false;ocean;0
2153;38;22;15;sea;false;ocean;0
2154;4;18;62;sea;false;ocean;0
2155;14;11;27;sea;false;ocean;0
2156;73;3;7;sea;false;ocean;0
2157;25;56;6;sea;true;ocean;0
2158;30;30;7;sea;false;ocean;0
2159;15;47;18;sea;false;ocean;0
2160;24;36;39;sea;false;ocean;0
2161;38;6;11;sea;false;ocean;0
2162;9;34;26;sea;false;ocean;0
2163;20;48;12;sea;false;ocean;0
2164;27;22;2;sea;false;ocean;0
2165;13;41;44;sea;false;ocean;0
2166;16;18;7;sea;true;ocean;0
2167;26;0;34;sea;false;ocean;0
2168;4;51;19;sea;false;ocean;0
2169;11;3;32;sea;false;ocean;0
2170;12;3;8;sea;false;ocean;0
2171;34;6;29;sea;false;ocean;0
2172;0;56;0;sea;false;ocean;0
2173;30;0;20;sea;false;ocean;0
2174;13;23;5;sea;false;ocean;0
2175;16;36;19;sea;true;ocean;0
2176;5;1;71;sea;false;ocean;0
2177;38;7;11;sea;false;ocean;0
2178;55;29;6;sea;false;ocean;0
2179;19;27;20;sea;false;ocean;0
2180;19;42;5;sea;false;ocean;0
2181;12;39;40;sea;false;ocean;0
2182;47;5;35;sea;false;ocean;0
2183;0;35;16;sea;false;ocean;0
2184;11;54;15;sea;false;ocean;0
2185;25;32;8;sea;false;ocean;0
2186;3;7;58;sea;false;ocean;0
2187;27;8;60;sea;false;ocean;0
2188;22;26;14;sea;false;ocean;0
2189;5;66;21;sea;false;ocean;0
2190;70;12;9;sea;false;ocean;0
2191;23;12;33;sea;false;ocean;0
2192;41;0;40;sea;true;ocean;0
2193;2;21;60;sea;false;ocean;0
2194;58;25;10;sea;false;ocean;0
2195;19;63;13;sea;false;ocean;0
2196;50;2;20;sea;false;ocean;0
2197;27;18;44;sea;false;ocean;0
2198;29;17;42;sea;false;ocean;0
2199;50;0;16;sea;false;ocean;0
2200;26;23;14;sea;false;ocean;0
2201;4;49;23;sea;false;ocean;0
2202;58;5;20;sea;false;ocean;0
2203;6;14;12;sea;false;ocean;0
2204;10;2;21;sea;false;ocean;0
2205;19;33;0;sea;true;ocean;0
2206;2;8;84;sea;false;ocean;0
2207;47;29;17;sea;false;ocean;0
2208;36;22;1;sea;false;ocean;0
2209;22;49;18;sea;false;ocean;0
2210;6;4;76;sea;false;ocean;0
2211;36;55;7;sea;false;ocean;0
2212;25;7;58;sea;false;ocean;0
2213;24;52;10;sea;false;ocean;0
2214;1;46;19;sea;false;ocean;0
2215;52;29;7;sea;false;ocean;0
2216;5;42;7;sea;false;ocean;0
2217;4;61;31;sea;false;ocean;0
2218;28;12;19;sea;false;ocean;0
2219;24;22;6;sea;false;ocean;0
2220;41;24;9;sea;false;ocean;0
2221;50;10;1;sea;true;ocean;0
2222;58;6;5;sea;false;ocean;0
2223;43;42;6;sea;false;ocean;0
2224;7;18;9;sea;false;ocean;0
2225;10;7;14;sea;false;ocean;0
2226;33;9;3;sea;false;ocean;0
2227;50;14;3;sea;false;ocean;0
2228;23;37;25;sea;true;ocean;0
2229;25;35;18;sea;false;ocean;0
2230;2;6;42;sea;false;ocean;0
2231;31;11;37;sea;false;ocean;0
2232;14;39;16;sea;false;ocean;0
2233;0;58;13;sea;false;ocean;0
2234;13;20;61;sea;false;ocean;0
2235;4;50;38;sea;true;ocean;0
2236;35;51;2;sea;true;ocean;0
2237;25;0;35;sea;true;ocean;0
2238;23;5;54;sea;false;ocean;0
2239;44;17;29;sea;false;ocean;0
2240;42;11;29;sea;false;ocean;0
2241;1;7;84;sea;false;ocean;0
2242;5;71;3;sea;false;ocean;0
2243;27;12;39;sea;false;ocean;0
2244;13;4;35;sea;false;ocean;0
2245;2;19;48;sea;false;ocean;0
2246;11;35;17;sea;false;ocean;0
2247;18;4;77;sea;false;ocean;0
2248;5;3;82;sea;false;ocean;0
2249;57;1;17;sea;true;ocean;0
2250;34;25;12;sea;false;ocean;0
2251;9;33;57;sea;true;ocean;0
2252;1;21;76;sea;false;ocean;0
2253;19;48;21;sea;false;ocean;0
2254;21;54;9;sea;false;ocean;0
2255;37;23;21;sea;false;ocean;0
2256;24;54;0;sea;false;ocean;0
2257;3;23;72;sea;false;ocean;0
2258;34;2;37;sea;false;ocean;0
2259;35;19;26;sea;false;ocean;0
2260;44;15;36;sea;false;ocean;0
2261;11;49;18;sea;false;ocean;0
2262;61;1;11;sea;false;ocean;0
2263;53;32;8;sea;false;ocean;0
2264;18;49;11;sea;false;ocean;0
2265;19;7;35;sea;false;ocean;0
2266;7;65;14;sea;false;ocean;0
2267;39;15;41;sea;false;ocean;0
2268;11;14;70;sea;true;ocean;0
2269;3;66;19;sea;false;ocean;0
2270;1;45;50;sea;true;ocean;0
2271;10;76;3;sea;false;ocean;0
2272;11;7;66;sea;false;ocean;0
2273;18;31;1;sea;false;ocean;0
2274;36;49;5;sea;false;ocean;0
2275;39;10;27;sea;false;ocean;0
2276;27;43;8;sea;false;ocean;0
2277;1;35;18;sea;false;ocean;0
2278;50;10;24;sea;false;ocean;0
2279;15;50;26;sea;true;ocean;0
2280;24;44;18;sea;false;ocean;0
2281;3;96;0;sea;true;ocean;0
2282;8;47;15;sea;false;ocean;0
2283;32;59;8;sea;false;ocean;0
2284;38;32;24;sea;false;ocean;0
2285;37;50;4;sea;false;ocean;0
2286;66;16;8;sea;false;ocean;0
2287;1;6;9;sea;false;ocean;0
2288;28;1;7;sea;false;ocean;0
2289;21;62;3;sea;false;ocean;0
2290;20;30;21;sea;false;ocean;0
2291;53;26;19;sea;true;ocean;0
2292;19;41;27;sea;false;ocean;0
2293;11;10;36;sea;false;ocean;0
2294;8;28;52;sea;false;ocean;0
2295;3;84;11;sea;false;ocean;0
2296;0;28;16;sea;true;ocean;0
2297;15;1;61;sea;false;ocean;0
2298;56;4;36;sea;false;ocean;0
2299;56;12;10;sea;false;ocean;0
2300;8;24;5;sea;false;ocean;0
2301;40;45;4;sea;false;ocean;0
2302;7;9;2;sea;false;ocean;0
2303;15;56;20;sea;false;ocean;0
2304;43;8;17;sea;false;ocean;0
2305;14;48;32;sea;true;ocean;0
2306;31;26;30;sea;false;ocean;0
2307;12;69;16;sea;false;ocean;0
2308;0;5;30;sea;false;ocean;0
2309;12;38;5;sea;true;ocean;0
2310;3;54;35;sea;true;ocean;0
2311;60;26;8;sea;false;ocean;0
2312;60;9;12;sea;false;ocean;0
2313;36;18;43;sea;false;ocean;0
2314;4;3;32;sea;false;ocean;0
2315;31;36;8;sea;false;ocean;0
2316;48;2;37;sea;false;ocean;0
2317;26;6;50;sea;false;ocean;0
2318;3;75;14;sea;false;ocean;0
2319;17;21;5;sea;false;ocean;0
2320;23;13;29;sea;false;ocean;0
2321;16;25;24;sea;false;ocean;0
2322;25;38;29;sea;true;ocean;0
2323;54;27;18;sea;false;ocean;0
2324;1;35;20;sea;false;ocean;0
2325;4;21;49;sea;true;ocean;0
2326;21;20;11;sea;false;ocean;0
2327;5;4;16;sea;false;ocean;0
2328;68;7;16;sea;false;ocean;0
2329;19;25;17;sea;false;ocean;0
2330;3;23;22;sea;false;ocean;0
2331;24;17;29;sea;false;ocean;0
2332;24;20;15;sea;false;ocean;0
2333;57;13;23;sea;false;ocean;0
2334;11;5;5;sea;false;ocean;0
2335;44;21;13;sea;true;ocean;0
2336;2;67;8;sea;false;ocean;0
2337;14;13;43;sea;false;ocean;0
2338;3;33;54;sea;false;ocean;0
2339;29;1;57;sea;false;ocean;0
2340;11;28;3;sea;false;ocean;0
2341;59;11;25;sea;true;ocean;0
2342;7;33;48;sea;false;ocean;0
2343;24;1;54;sea;false;ocean;0
2344;20;6;63;sea;false;ocean;0
2345;21;38;32;sea;false;ocean;0
2346;42;13;9;sea;true;ocean;0
2347;35;26;1;sea;false;ocean;0
2348;2;0;55;sea;false;ocean;0
2349;21;0;19;sea;false;ocean;0
2350;0;16;17;sea;false;ocean;0
2351;43;27;24;sea;false;ocean;0
2352;20;8;31;sea;false;ocean;0
2353;5;7;41;sea;false;ocean;0
2354;26;5;10;sea;false;ocean;0
2355;18;63;2;sea;false;ocean;0
2356;25;18;50;sea;false;ocean;0
2357;29;25;31;sea;true;ocean;0
2358;1;72;6;sea;true;ocean;0
2359;19;71;2;sea;false;ocean;0
2360;1;8;63;sea;false;ocean;0
2361;9;61;8;sea;true;ocean;0
2362;27;1;37;sea;false;ocean;0
2363;0;1;73;sea;false;ocean;0
2364;7;61;18;sea;true;ocean;0
2365;16;34;34;sea;false;ocean;0
2366;3;3;42;sea;false;ocean;0
2367;35;6;50;sea;false;ocean;0
2368;1;78;18;sea;false;ocean;0
2369;18;12;64;sea;true;ocean;0
2370;11;22;24;sea;false;ocean;0
2371;59;4;2;sea;false;ocean;0
2372;23;40;6;sea;false;ocean;0
2373;20;20;39;sea;false;ocean;0
2374;21;0;24;sea;false;ocean;0
2375;6;64;6;sea;false;ocean;0
2376;14;11;30;sea;false;ocean;0
2377;39;10;48;sea;false;ocean;0
2378;32;5;12;sea;false;ocean;0
2379;53;0;1;sea;false;ocean;0
2380;40;44;11;sea;true;ocean;0
2381;9;55;34;sea;false;ocean;0
2382;30;56;9;sea;false;ocean;0
2383;3;1;80;sea;false;ocean;0
2384;58;0;26;sea;false;ocean;0
2385;4;19;54;sea;false;ocean;0
2386;78;11;0;sea;false;ocean;0
2387;38;3;18;sea;false;ocean;0
2388;36;36;11;sea;false;ocean;0
2389;40;7;20;sea;false;ocean;0
2390;14;26;19;sea;false;ocean;0
2391;3;2;18;sea;false;ocean;0
2392;63;7;22;sea;false;ocean;0
2393;23;32;8;sea;false;ocean;0
2394;22;27;5;sea;false;ocean;0
2395;30;11;31;sea;false;ocean;0
2396;7;72;20;sea;false;ocean;0
2397;8;11;66;sea;false;ocean;0
2398;6;30;19;sea;false;ocean;0
2399;2;18;10;sea;false;ocean;0
2400;32;17;2;sea;false;ocean;0
2401;2;21;47;sea;false;ocean;0
2402;5;50;11;sea;false;ocean;0
2403;29;19;29;sea;false;ocean;0
2404;35;2;33;sea;false;ocean;0
2405;24;13;49;sea;false;ocean;0
2406;2;41;5;sea;false;ocean;0
2407;30;22;8;sea;false;ocean;0
2408;5;50;37;sea;false;ocean;0
2409;41;21;2;sea;true;ocean;0
2410;17;12;43;sea;true;ocean;0
2411;13;2;47;sea;false;ocean;0
2412;43;48;1;sea;false;ocean;0
2413;3;35;10;sea;false;ocean;0
2414;25;40;8;sea;false;ocean;0
2415;4;75;19;sea;true;ocean;0
2416;16;34;6;sea;false;ocean;0
2417;43;21;18;sea;false;ocean;0
2418;53;3;13;sea;false;ocean;0
2419;12;0;37;sea;false;ocean;0
2420;0;56;24;sea;false;ocean;0
2421;21;34;24;sea;false;ocean;0
2422;4;28;6;sea;false;ocean;0
2423;42;20;21;sea;false;ocean;0
2424;27;68;4;sea;false;ocean;0
2425;56;10;30;sea;true;ocean;0
2426;10;14;56;sea;true;ocean;0
2427;4;54;0;sea;true;ocean;0
2428;30;10;21;sea;true;ocean;0
2429;78;0;4;sea;true;ocean;0
2430;43;30;17;sea;true;ocean;0
2431;27;7;38;sea;true;ocean;0
